-- phpMyAdmin SQL Dump
-- version 5.2.1
-- https://www.phpmyadmin.net/
--
-- Máy chủ: 127.0.0.1
-- Thời gian đã tạo: Th12 16, 2023 lúc 02:30 PM
-- Phiên bản máy phục vụ: 10.4.28-MariaDB
-- Phiên bản PHP: 8.2.4

SET SQL_MODE = "NO_AUTO_VALUE_ON_ZERO";
START TRANSACTION;
SET time_zone = "+00:00";


/*!40101 SET @OLD_CHARACTER_SET_CLIENT=@@CHARACTER_SET_CLIENT */;
/*!40101 SET @OLD_CHARACTER_SET_RESULTS=@@CHARACTER_SET_RESULTS */;
/*!40101 SET @OLD_COLLATION_CONNECTION=@@COLLATION_CONNECTION */;
/*!40101 SET NAMES utf8mb4 */;

--
-- Cơ sở dữ liệu: `attackqldt`
--

-- --------------------------------------------------------

--
-- Cấu trúc bảng cho bảng `ds_nhom_to`
--

CREATE TABLE `ds_nhom_to` (
  `id` int(11) NOT NULL,
  `ma_mon` varchar(30) NOT NULL,
  `id_to_hoc` varchar(100) NOT NULL,
  `id_mon` varchar(100) NOT NULL,
  `group_number` varchar(100) NOT NULL,
  `team_number` varchar(100) NOT NULL,
  `so_tc` varchar(100) NOT NULL,
  `ds_lop` varchar(100) NOT NULL
) ENGINE=InnoDB DEFAULT CHARSET=utf8mb4 COLLATE=utf8mb4_general_ci;

--
-- Đang đổ dữ liệu cho bảng `ds_nhom_to`
--

INSERT INTO `ds_nhom_to` (`id`, `ma_mon`, `id_to_hoc`, `id_mon`, `group_number`, `team_number`, `so_tc`, `ds_lop`) VALUES
(1, 'BAS1122', '-8808545882357941363', '-7291339165555194461', '01', '', '2', 'D22-001'),
(2, 'BAS1150', '-7535532698008551291', '-5378240443496231954', '01', '', '3', 'E22CQCN02-B'),
(3, 'BAS1152', '-6658508563326800442', '-4837640937552378657', '01', '', '2', 'E21CQCN02-B'),
(4, 'BAS1153', '-7300869012153405721', '-5203797553533447769', '01', '', '2', 'E20CQCN01-B'),
(5, 'BAS1159', '-5842628288245635369', '-7551734074066851389', '01', '', '4', 'D22-038'),
(6, 'BSA1221', '-5806964950681066076', '-5579405080634305175', '01', '', '2', 'D22-094'),
(7, 'BSA1221_CLC', '-5009237000718017985', '-6678029098090354142', '01', '', '2', 'E22CQCN02-B'),
(8, 'BSA1309', '-8219440240862445359', '-7722905295232321570', '01', '', '3', 'D22-123'),
(9, 'BSA1314', '-5966089811737750196', '-8591174481900758098', '01', '', '2', 'D21-332'),
(10, 'BSA1320', '-6206450676736335813', '-8681803997147903674', '01', '', '2', 'D21-006'),
(11, 'BSA1328', '-4798534576488069107', '-7643539411159524221', '01', '', '3', 'D22-126'),
(12, 'BSA1331', '-5892751082064070750', '-8602696662845914463', '01', '', '3', 'D21-011'),
(13, 'BSA1335', '-7655756820086980523', '-8072775039288474610', '01', '', '2', 'D21-016'),
(14, 'BSA1338', '-5828929566938911038', '-6167914777520012793', '01', '', '3', 'D22-131'),
(15, 'BSA1348', '-7709128423016808029', '-7075517629514432172', '01', '', '3', 'D21-019'),
(16, 'BSA1352', '-8876520489704516391', '-6907285203680072287', '01', '', '2', 'D21-022'),
(17, 'BSA1353', '-6008039034003937162', '-6413984950889505099', '01', '', '2', 'D21-024'),
(18, 'BSA1354', '-8705709550158133667', '-6173843818985428500', '01', '', '2', 'D21-337'),
(19, 'BSA1364', '-7230900315688374923', '-5727866210513079207', '01', '', '2', 'D21-026'),
(20, 'BSA1365', '-5309350541204060049', '-9113403790394490478', '01', '', '3', 'D22-133'),
(21, 'BSA1443', '-4915706990771979349', '-6358085754150082770', '01', '', '4', '*'),
(22, 'BSA1448', '-4699844179680227968', '-9095413061206637449', '01', '', '2', 'D22-138'),
(23, 'BSA1456', '-7127171445859216940', '-8959948071293055277', '01', '', '2', 'D21-031'),
(24, 'BSA1458', '-8026168263910084638', '-7796199537677177209', '01', '', '2', 'D21-033'),
(25, 'CDT1433', '-5099981543570096442', '-7432759595826960325', '01', '', '4', '*'),
(26, 'ELE1308', '-6037954092426067082', '-5830695739950187227', '01', '', '3', 'D21-035'),
(27, 'ELE13101', '-7194886057189244392', '-6413216290158303291', '01', '', '3', 'D22-157'),
(28, 'ELE1317', '-7761285209898795470', '-8180219537086290209', '01', '', '3', 'D21-038'),
(29, 'ELE1319', '-8183896195755195252', '-7431071486650502164', '01', '', '3', 'D22-168'),
(30, 'ELE1406', '-7037325034180734281', '-8914598738417656705', '01', '', '2', 'D21-041'),
(31, 'ELE14103', '-6234807501938323346', '-6139942513222826153', '01', '', '3', 'D20XLTH'),
(32, 'ELE14106', '-4924817295755580745', '-8692663930510772565', '01', '', '2', 'D20DTMT1'),
(33, 'ELE1411', '-6887691776170388420', '-7594060214690094852', '01', '', '2', 'D20DTMT1'),
(34, 'ELE1412', '-5317755628688217643', '-7217482410473086988', '01', '', '2', 'D21-044'),
(35, 'ELE1413', '-4994228696688638873', '-6652603247299460118', '01', '', '2', 'D20DTMT1'),
(36, 'ELE1414', '-8773893166467921375', '-6507649707714174177', '01', '', '2', 'D20XLTH'),
(37, 'ELE1422', '-6637387656691882291', '-4786976000155611248', '01', '', '2', 'D20DTMT2'),
(38, 'ELE1423', '-8376119905096382923', '-4882211690784925028', '01', '', '2', 'D20DTMT1'),
(39, 'ELE1427', '-6741525688805217898', '-6500733835029973174', '01', '', '2', 'D20DTMT2'),
(40, 'ELE1431', '-8877112455911425210', '-4770707574692199441', '01', '', '2', 'D20XLTH'),
(41, 'ELE1432', '-7456041831542552017', '-5703048998343865220', '01', '', '3', 'D20XLTH'),
(42, 'ELE1487', '-5795152271836778502', '-6812189577280990622', '01', '', '3', 'D20DTMT2'),
(43, 'ELE1489', '-8782841222024571914', '-8889569374159324746', '01', '', '2', 'D20DTMT1'),
(44, 'ELE1490', '-5336162063901160715', '-6762804847918869955', '01', '', '2', 'D20DTRB'),
(45, 'ELE1492', '-8321425432776458041', '-8339022194658057417', '01', '', '3', 'D20DTRB'),
(46, 'ELE1493', '-4857285861933889342', '-5235684658155574983', '01', '', '2', 'D20DTRB'),
(47, 'FIA_E1351', '-5819661494105358715', '-7089876344485841596', '01', '', '3', 'D22-182'),
(48, 'FIA_E1355', '-8653749557793249099', '-6845383368171570421', '01', '', '4', 'D22-183'),
(49, 'FIA_E1458', '-5779561908908419982', '-7716559194452412817', '01', '', '4', 'D21-050'),
(50, 'FIA_E1459', '-7258519548176139783', '-5745635602548855392', '01', '', '4', 'D21-051'),
(51, 'FIA1310', '-8171469097641189901', '-8646768361436728120', '01', '', '3', 'D22-184'),
(52, 'FIA1321', '-8313840413247844041', '-6305657776363540735', '01', '', '3', 'D22-187'),
(53, 'FIA1324', '-8642963594493688633', '-7052378708187857244', '01', '', '3', 'D22-195'),
(54, 'FIA1326', '-8844222894814773770', '-6093381091567710114', '01', '', '3', 'D22-197'),
(55, 'FIA1332', '-7015437235448437381', '-5086577725802044861', '01', '', '3', 'D21-347'),
(56, 'FIA1334', '-8945486219429732007', '-4982547251783996098', '01', '', '2', 'D21-052'),
(57, 'FIA1342', '-7523965812213252418', '-8832194349979028272', '01', '', '2', 'D21-056'),
(58, 'FIA1343', '-5141967523510840700', '-6391217124803298397', '01', '', '2', 'D21-058'),
(59, 'FIA1382', '-7031031547840916578', '-8109167299483993477', '01', '', '4', 'D22-201'),
(60, 'FIA1401', '-6095297078544592187', '-5557610179013533896', '01', '', '3', 'D21-059'),
(61, 'FIA1414', '-4987689445836837513', '-8471874127819958149', '01', '', '2', 'D21-062'),
(62, 'FIA1420', '-5386960175717818392', '-8192249865776120945', '01', '', '3', 'D21-065'),
(63, 'FIA1422', '-6319083420348795674', '-7670873230267908960', '01', '', '2', 'D21-068'),
(64, 'FIA1428', '-8333073316284989348', '-8666072953441299165', '01', '', '4', '*'),
(65, 'FIA1433', '-5253111161443974768', '-6852643649496168629', '01', '', '2', 'D21-071'),
(66, 'FIA1439', '-6217796403220625568', '-7470651087956753760', '01', '', '2', 'D21-074'),
(67, 'FIA1440', '-5790024387721783908', '-5145277803530374643', '01', '', '2', 'D21-077'),
(68, 'FIA1465', '-5920604247426100797', '-7386192513699380120', '01', '', '3', 'D21-080'),
(69, 'FIA1467', '-7848503581134587247', '-7003219160315669586', '01', '', '3', 'D21-082'),
(70, 'FIA1468', '-4828044745936440680', '-5591289970561390584', '01', '', '3', 'D21-084'),
(71, 'FIA1469', '-5339886118595438621', '-6135411647352321067', '01', '', '3', 'D22-204'),
(72, 'FIA1470', '-4943954229087017345', '-6726720179008233343', '01', '', '3', 'D21-086'),
(73, 'FIA1485', '-6555437080196690510', '-6321596794355095878', '01', '', '2', 'D22-206'),
(74, 'INT13113', '-7356432762018029119', '-6793278233341360358', '01', '', '3', 'D22-226'),
(75, 'INT13114', '-6410559826973567809', '-6398238313628927388', '01', '', '3', 'D21-103'),
(76, 'INT13145', '-6169689026560638472', '-6868304369445979713', '01', '', '3', 'D22-230'),
(77, 'INT13145_CLC', '-8024234038640754411', '-4951181180909921240', '01', '', '3', 'E22CQCN01-B'),
(78, 'INT13147', '-8765941604173162143', '-7287609146792735408', '01', '', '3', 'D21-108'),
(79, 'INT13162', '-7364856282213579909', '-7431852391335582610', '01', '', '3', 'D21-115'),
(80, 'INT1325', '-5364622165262341829', '-5608498150089735532', '01', '', '2', 'D22-247'),
(81, 'INT1340', '-7967980059039271805', '-4791141153877039596', '01', '', '3', 'D21-119'),
(82, 'INT1340_CLC', '-5050326087170002209', '-6751779029689555340', '01', '', '3', 'E21CQCN02-B'),
(83, 'INT1341', '-7255809232660389616', '-5109424779906360112', '01', '', '3', 'D20DTRB'),
(84, 'INT1341_CLC', '-8744311222330335262', '-5957518967226919834', '01', '', '3', 'E21CQCN02-B'),
(85, 'INT1359', '-8803351264620985899', '-8580318936190513771', '01', '', '3', 'D22-254'),
(86, 'INT1359_CLC', '-5288341611465827414', '-5052449052157962261', '01', '', '3', 'E22CQCN03-B'),
(87, 'INT1405', '-5115418981673729957', '-7434256808502478149', '01', '', '3', 'D20HTTT1'),
(88, 'INT1405_CLC', '-4698840181311760214', '-6645077409158015240', '01', '', '3', 'E20CQCN01-B'),
(89, 'INT1408', '-5953894608681814893', '-6936988128145753115', '01', '', '1', 'D20CNPM3'),
(90, 'INT1409', '-4750333443832102012', '-9051615461941841034', '01', '', '1', 'D20HTTT1'),
(91, 'INT14106', '-6463765166338734302', '-8729001045392563715', '01', '', '3', 'D20CQAT02-B'),
(92, 'INT14119_CLC', '-8984837808319029021', '-5302839092599426093', '01', '', '3', 'E22CQCN01-B'),
(93, 'INT1414_CLC', '-6855869021546562322', '-9069057024940504085', '01', '', '2', 'E21CQCN01-B'),
(94, 'INT14148', '-5804231974174834857', '-6540749945849258848', '01', '', '3', 'D21-166'),
(95, 'INT1416', '-8931374027726395867', '-8559558700915740227', '01', '', '3', 'D20CNPM1'),
(96, 'INT1416_CLC', '-6802418246733575665', '-5195133707397383765', '01', '', '3', 'E20CQCN01-B'),
(97, 'INT1418', '-5296812883161315528', '-6877419684612350564', '01', '', '3', 'D20HTTT1'),
(98, 'INT1422', '-6084730694472821032', '-5932074411299283609', '01', '', '3', 'D20HTTT1'),
(99, 'INT1427', '-6574055811125272217', '-5019988044316127723', '01', '', '3', 'D20CNPM1'),
(100, 'INT1427_CLC', '-7341349345066006383', '-7866242966822206878', '01', '', '3', 'E20CQCN01-B'),
(101, 'INT1445', '-5951978851514638983', '-8537464060658326760', '01', '', '3', 'D20HTTT2'),
(102, 'INT1446', '-8313860735548208304', '-8530509901219111627', '01', '', '3', 'D20HTTT1'),
(103, 'INT1448', '-8127061612757570915', '-6954020041152082420', '01', '', '3', 'D20CNPM2'),
(104, 'INT1448_CLC', '-4805419862154199625', '-7144513164724404866', '01', '', '3', 'E20CQCN01-B'),
(105, 'INT1461', '-8614797308922227304', '-8819645752023030720', '01', '', '3', 'D20CNPM1'),
(106, 'MAR1304', '-7400766565539169942', '-5139284877940643890', '01', '', '2', 'D22-278'),
(107, 'MAR1309', '-5833541266603326574', '-5148452663999282172', '01', '', '3', 'D21-200'),
(108, 'MAR1312', '-5793370651181769076', '-4781855464028122504', '01', '', '2', 'D21-204'),
(109, 'MAR1314', '-6205984622012284950', '-6689397893380532092', '01', '', '3', 'D21-208'),
(110, 'MAR1318', '-6063617484098740982', '-8919221943787348154', '01', '', '2', 'D21-212'),
(111, 'MAR1328', '-8854252803266831136', '-7253368305350998702', '01', '', '2', 'D21-216'),
(112, 'MAR1329', '-6953316509096587164', '-5452130738619907637', '01', '', '2', 'D21-220'),
(113, 'MAR1333', '-4875984796652620291', '-4905834064391973031', '01', '', '3', 'D22-282'),
(114, 'MAR1424', '-5838584258652781620', '-5494749840819123854', '01', '', '2', 'D22-286'),
(115, 'MAR1426', '-5248419671694590029', '-5611532746216731127', '01', '', '2', 'D21-224'),
(116, 'MAR1427', '-6527102379853815938', '-8007870819134887944', '01', '', '2', 'D21-228'),
(117, 'MAR1445', '-5334271792848827835', '-9223361581053661831', '01', '', '4', '*'),
(118, 'MUL1307', '-6319068436504251062', '-7716993010940926210', '01', '', '2', 'D22-290'),
(119, 'MUL13100', '-6993622021918454793', '-5872648910608028054', '01', '', '2', 'D21-232'),
(120, 'MUL13101', '-5309539865522724627', '-6457484155527975841', '01', '', '2', 'D21-234'),
(121, 'MUL13118', '-8234738501782639606', '-5853193974244163389', '01', '', '2', 'D22-293'),
(122, 'MUL13148', '-6077727139916734784', '-5307777497947000982', '01', '', '2', 'D20TKDPT1'),
(123, 'MUL13151', '-4930480007384439973', '-7809378129654599197', '01', '', '3', 'D22-295'),
(124, 'MUL13170', '-6510171850315192463', '-7961786978010388329', '01', '', '3', 'D22-298'),
(125, 'MUL13172', '-5467714419002613236', '-4931923960845859198', '01', '', '4', 'D22-299'),
(126, 'MUL13173', '-5400715275014167699', '-4840027867055427606', '01', '', '2', 'D22-300'),
(127, 'MUL1392M', '-5215021458048909858', '-7857143232909054483', '01', '', '2', 'D22-301'),
(128, 'MUL1393', '-5765797659664030964', '-8297965420919614479', '01', '', '2', 'D22-303'),
(129, 'MUL14106', '-8896528364865090131', '-5173290683727915951', '01', '', '3', 'D21-237'),
(130, 'MUL14108', '-7578000565923481731', '-5142017239398984085', '01', '', '2', 'D21-239'),
(131, 'MUL14110', '-4617125581270433888', '-7681344034675446746', '01', '', '2', 'D21-241'),
(132, 'MUL14113', '-6218126156366989862', '-7740766551881846580', '01', '', '3', 'D22-305'),
(133, 'MUL14115', '-7289285637734153788', '-4622083814324225615', '01', '', '3', 'D21-243'),
(134, 'MUL14126', '-7928333413064227271', '-8809468107241374810', '01', '', '2', 'D21-245'),
(135, 'MUL14129', '-8044310654571091490', '-5891560086909027581', '01', '', '3', 'D20PTDPT'),
(136, 'MUL14131', '-5249426915165356142', '-7732133248788324434', '01', '', '3', 'D21-246'),
(137, 'MUL14132', '-4866194689688148889', '-6713557231444632505', '01', '', '3', 'D21-249'),
(138, 'MUL14135', '-8840546822368055578', '-7151300426516407115', '01', '', '3', 'D21-252'),
(139, 'MUL14136', '-7452740947569979933', '-5362939345514148665', '01', '', '3', 'D21-255'),
(140, 'MUL14139', '-7687750504021990908', '-6997005616451231542', '01', '', '3', 'D20TKDPT1'),
(141, 'MUL14140', '-7689276037731619271', '-8210110567077168396', '01', '', '3', 'D21-258'),
(142, 'MUL14141', '-7459500685182975399', '-7020371905088634592', '01', '', '2', 'D20TKDPT2'),
(143, 'MUL14155', '-7102617844588663897', '-6313335476620729574', '01', '', '3', 'D21-261'),
(144, 'MUL14186', '-6111727105980471935', '-4628404153207485225', '01', '', '3', 'D22-309'),
(145, 'MUL14204', '-9096065968787704912', '-6474124718664790003', '01', '', '4', 'D20PTDPT'),
(146, 'MUL1423', '-9055323831592862258', '-9216348173499873234', '01', '', '2', 'D21-264'),
(147, 'MUL1454', '-7364772355002973596', '-7438751544350205182', '01', '', '3', 'D22-310'),
(148, 'MUL1465', '-4902471194044025181', '-7704353669255728740', '01', '', '1', 'D20TKDPT2'),
(149, 'OTC1301', '-9041787415374203106', '-6402955468132384403', '01', '', '3', 'D21-266'),
(150, 'SKD1101', '-6355747921350265418', '-7385894715607289582', '01', '', '1', 'D21-352'),
(151, 'SKD1102', '-8589651427577278952', '-6204546437583296948', '01', '', '1', 'D21-280'),
(152, 'SKD1103', '-5622151798708103054', '-7073731741616881880', '01', '', '1', 'D22-313'),
(153, 'SKD1108', '-7895825225364307944', '-7664203872546753042', '01', '', '2', 'D20TKDPT3'),
(154, 'TEL1339', '-6024314377219465765', '-8286841325595184103', '01', '', '2', 'D21-295'),
(155, 'TEL1344', '-4664149049010785897', '-6006494648258735141', '01', '', '3', 'D22-353'),
(156, 'TEL1393', '-8589754282059852308', '-6835560728980611630', '01', '', '2', 'D21-301'),
(157, 'TEL1447', '-6497427708868500299', '-8869594249136310624', '01', '', '2', 'D20VTMD1'),
(158, 'TEL1450', '-7043857873406510160', '-6064257173548748688', '01', '', '2', 'D20VTMD1'),
(159, 'TEL1451', '-6373076945208036611', '-6350895773615920575', '01', '', '2', 'D20VTVT1'),
(160, 'TEL1452', '-8361460130424304394', '-8972925558918637721', '01', '', '2', 'D20VTHI1'),
(161, 'TEL1459', '-5866097530077259113', '-8466562026403314510', '01', '', '3', 'D20VTMD1'),
(162, 'TEL1464', '-5596473560800842436', '-5643055192477458580', '01', '', '2', 'D20VTHI1'),
(163, 'TEL1492', '-8585096158460663999', '-5683514157578167959', '01', '', '2', '*'),
(164, 'BAS1122', '-5041118340247504226', '-7291339165555194461', '02', '', '2', 'D22-002'),
(165, 'BAS1150', '-5860047077739525814', '-5378240443496231954', '02', '', '3', 'E22CQCN01-B'),
(166, 'BAS1152', '-5244157566910184591', '-4837640937552378657', '02', '', '2', 'E21CQCN01-B'),
(167, 'BAS1159', '-4899560151770336590', '-7551734074066851389', '02', '', '4', 'D22-039'),
(168, 'BSA1221', '-7168824126598015341', '-5579405080634305175', '02', '', '2', 'D22-095'),
(169, 'BSA1221_CLC', '-4700292923723403353', '-6678029098090354142', '02', '', '2', 'E22CQCN01-B'),
(170, 'BSA1309', '-8537506031268812917', '-7722905295232321570', '02', '', '3', 'D22-124'),
(171, 'BSA1314', '-6962061763941629598', '-8591174481900758098', '02', '', '2', 'D21-333'),
(172, 'BSA1320', '-8043110285338840340', '-8681803997147903674', '02', '', '2', 'D21-007'),
(173, 'BSA1328', '-5179254220487773567', '-7643539411159524221', '02', '', '3', 'D22-127'),
(174, 'BSA1331', '-7607152898417263265', '-8602696662845914463', '02', '', '3', 'D21-012'),
(175, 'BSA1335', '-7177895071226067332', '-8072775039288474610', '02', '', '2', 'D21-017'),
(176, 'BSA1338', '-5311529689223117119', '-6167914777520012793', '02', '', '3', 'D22-132'),
(177, 'BSA1348', '-6639478042002110717', '-7075517629514432172', '02', '', '3', 'D21-020'),
(178, 'BSA1352', '-8627043433359494591', '-6907285203680072287', '02', '', '2', 'D21-023'),
(179, 'BSA1353', '-7388646943453864876', '-6413984950889505099', '02', '', '2', 'D21-025'),
(180, 'BSA1354', '-6167288545796687071', '-6173843818985428500', '02', '', '2', 'D21-338'),
(181, 'BSA1364', '-7162369507336729306', '-5727866210513079207', '02', '', '2', 'D21-027'),
(182, 'BSA1365', '-7693684259516099047', '-9113403790394490478', '02', '', '3', 'D22-134'),
(183, 'BSA1448', '-7436754221337590975', '-9095413061206637449', '02', '', '2', 'D22-139'),
(184, 'BSA1456', '-7815193025552930916', '-8959948071293055277', '02', '', '2', 'D21-032'),
(185, 'BSA1458', '-6868180857942543212', '-7796199537677177209', '02', '', '2', 'D21-034'),
(186, 'ELE1308', '-8638824148123582414', '-5830695739950187227', '02', '', '3', 'D21-036'),
(187, 'ELE13101', '-8589718806745745982', '-6413216290158303291', '02', '', '3', 'D22-158'),
(188, 'ELE1317', '-5411353713267093383', '-8180219537086290209', '02', '', '3', 'D21-039'),
(189, 'ELE1319', '-5534217998374348279', '-7431071486650502164', '02', '', '3', 'D22-169'),
(190, 'ELE1406', '-6294141682977142675', '-8914598738417656705', '02', '', '2', 'D21-042'),
(191, 'ELE14106', '-7960415928404495434', '-8692663930510772565', '02', '', '2', 'D20DTMT2'),
(192, 'ELE1411', '-8194747417888654494', '-7594060214690094852', '02', '', '2', 'D20DTMT2'),
(193, 'ELE1412', '-4964003080078937071', '-7217482410473086988', '02', '', '2', 'D21-045'),
(194, 'ELE1413', '-4817093279434440006', '-6652603247299460118', '02', '', '2', 'D20DTMT2'),
(195, 'ELE1422', '-6009042538824523151', '-4786976000155611248', '02', '', '2', 'D20DTMT1'),
(196, 'ELE1423', '-7993740273650706933', '-4882211690784925028', '02', '', '2', 'D20DTMT2'),
(197, 'ELE1427', '-6656473462460109779', '-6500733835029973174', '02', '', '2', 'D20DTMT1'),
(198, 'ELE1487', '-6107598718618654271', '-6812189577280990622', '02', '', '3', 'D20DTMT1'),
(199, 'ELE1489', '-6172254694468131427', '-8889569374159324746', '02', '', '2', 'D20DTMT2'),
(200, 'FIA1310', '-6838888454466216821', '-8646768361436728120', '02', '', '3', 'D22-185'),
(201, 'FIA1321', '-8075299615392890546', '-6305657776363540735', '02', '', '3', 'D22-188'),
(202, 'FIA1324', '-7207739881897875302', '-7052378708187857244', '02', '', '3', 'D22-196'),
(203, 'FIA1326', '-7896405904696648415', '-6093381091567710114', '02', '', '3', 'D22-198'),
(204, 'FIA1332', '-8210745553256511933', '-5086577725802044861', '02', '', '3', 'D21-348'),
(205, 'FIA1334', '-6432278816254000299', '-4982547251783996098', '02', '', '2', 'D21-053'),
(206, 'FIA1342', '-6589481335752521161', '-8832194349979028272', '02', '', '2', 'D21-057'),
(207, 'FIA1382', '-8027184032461937438', '-8109167299483993477', '02', '', '4', 'D22-202'),
(208, 'FIA1401', '-5135621402701146121', '-5557610179013533896', '02', '', '3', 'D21-060'),
(209, 'FIA1414', '-5929743375526720872', '-8471874127819958149', '02', '', '2', 'D21-063'),
(210, 'FIA1420', '-6006910872756420820', '-8192249865776120945', '02', '', '3', 'D21-066'),
(211, 'FIA1422', '-6759318141467797180', '-7670873230267908960', '02', '', '2', 'D21-069'),
(212, 'FIA1433', '-7201867190267899591', '-6852643649496168629', '02', '', '2', 'D21-072'),
(213, 'FIA1439', '-6079088583394209446', '-7470651087956753760', '02', '', '2', 'D21-075'),
(214, 'FIA1440', '-8512917564498325228', '-5145277803530374643', '02', '', '2', 'D21-078'),
(215, 'FIA1465', '-8887814036131061939', '-7386192513699380120', '02', '', '3', 'D21-081'),
(216, 'FIA1467', '-8238314342202300023', '-7003219160315669586', '02', '', '3', 'D21-083'),
(217, 'FIA1468', '-7588537198364311367', '-5591289970561390584', '02', '', '3', 'D21-085'),
(218, 'FIA1469', '-6819301780263403213', '-6135411647352321067', '02', '', '3', 'D22-205'),
(219, 'FIA1470', '-7890282285161426362', '-6726720179008233343', '02', '', '3', 'D21-087'),
(220, 'FIA1485', '-7385799025333936455', '-6321596794355095878', '02', '', '2', 'D22-207'),
(221, 'INT13113', '-5348711038663496595', '-6793278233341360358', '02', '', '3', 'D22-227'),
(222, 'INT13114', '-8260828442742357382', '-6398238313628927388', '02', '', '3', 'D21-104'),
(223, 'INT13145', '-8137379001098835736', '-6868304369445979713', '02', '', '3', 'D22-231'),
(224, 'INT13145_CLC', '-5208936285363576589', '-4951181180909921240', '02', '', '3', 'E22CQCN03-B'),
(225, 'INT13147', '-7456190942877548470', '-7287609146792735408', '02', '', '3', 'D21-109'),
(226, 'INT13162', '-6033788991639822361', '-7431852391335582610', '02', '', '3', 'D21-116'),
(227, 'INT1325', '-4694582130806853340', '-5608498150089735532', '02', '', '2', 'D22-248'),
(228, 'INT1340', '-6670006890540058661', '-4791141153877039596', '02', '', '3', 'D21-120'),
(229, 'INT1340_CLC', '-7563937999307327433', '-6751779029689555340', '02', '', '3', 'E21CQCN01-B'),
(230, 'INT1341', '-5242592923742327812', '-5109424779906360112', '02', '', '3', 'D21-138'),
(231, 'INT1341_CLC', '-6457584587042018626', '-5957518967226919834', '02', '', '3', 'E21CQCN01-B'),
(232, 'INT1359', '-7287260419480544697', '-8580318936190513771', '02', '', '3', 'D22-255'),
(233, 'INT1359_CLC', '-7052050651830585979', '-5052449052157962261', '02', '', '3', 'E22CQCN04-B'),
(234, 'INT1405', '-8861491469833424804', '-7434256808502478149', '02', '', '3', 'D20HTTT2'),
(235, 'INT1408', '-4785454581580172266', '-6936988128145753115', '02', '', '1', 'D20CNPM4'),
(236, 'INT1409', '-8173770140152209746', '-9051615461941841034', '02', '', '1', 'D20HTTT1'),
(237, 'INT14106', '-7755669257947822950', '-8729001045392563715', '02', '', '3', 'D20CQAT01-B'),
(238, 'INT14119_CLC', '-5351349571194466602', '-5302839092599426093', '02', '', '3', 'E22CQCN02-B'),
(239, 'INT1414_CLC', '-7726940936612867890', '-9069057024940504085', '02', '', '2', 'E21CQCN02-B'),
(240, 'INT14148', '-6477268932760012334', '-6540749945849258848', '02', '', '3', 'D21-167'),
(241, 'INT1416', '-7856771092898165198', '-8559558700915740227', '02', '', '3', 'D20CNPM1'),
(242, 'INT1418', '-5934990943575581621', '-6877419684612350564', '02', '', '3', 'D20HTTT1'),
(243, 'INT1422', '-7758995319551105946', '-5932074411299283609', '02', '', '3', 'D20HTTT1'),
(244, 'INT1427', '-6892085293045008305', '-5019988044316127723', '02', '', '3', 'D20CNPM2'),
(245, 'INT1445', '-7519435494007818777', '-8537464060658326760', '02', '', '3', 'D20HTTT1'),
(246, 'INT1446', '-9017766669954314960', '-8530509901219111627', '02', '', '3', 'D20HTTT2'),
(247, 'INT1448', '-5368101788578149562', '-6954020041152082420', '02', '', '3', 'D20CNPM1'),
(248, 'INT1461', '-5662131006461006553', '-8819645752023030720', '02', '', '3', 'D20CNPM2'),
(249, 'MAR1304', '-7823846228509858862', '-5139284877940643890', '02', '', '2', 'D22-279'),
(250, 'MAR1309', '-5975481145458963896', '-5148452663999282172', '02', '', '3', 'D21-201'),
(251, 'MAR1312', '-9004483734449539138', '-4781855464028122504', '02', '', '2', 'D21-205'),
(252, 'MAR1314', '-8364981053049181958', '-6689397893380532092', '02', '', '3', 'D21-209'),
(253, 'MAR1318', '-7804299122840333646', '-8919221943787348154', '02', '', '2', 'D21-213'),
(254, 'MAR1328', '-5673607879303876856', '-7253368305350998702', '02', '', '2', 'D21-217'),
(255, 'MAR1329', '-5411276129569028740', '-5452130738619907637', '02', '', '2', 'D21-221'),
(256, 'MAR1333', '-6964570031983942816', '-4905834064391973031', '02', '', '3', 'D22-283'),
(257, 'MAR1424', '-8567886024947117203', '-5494749840819123854', '02', '', '2', 'D22-287'),
(258, 'MAR1426', '-8611203357695263670', '-5611532746216731127', '02', '', '2', 'D21-225'),
(259, 'MAR1427', '-8446629571421248905', '-8007870819134887944', '02', '', '2', 'D21-229'),
(260, 'MUL1307', '-6264816829407028615', '-7716993010940926210', '02', '', '2', 'D22-291'),
(261, 'MUL13100', '-5212284274280305374', '-5872648910608028054', '02', '', '2', 'D21-233'),
(262, 'MUL13101', '-8912066000398593802', '-6457484155527975841', '02', '', '2', 'D21-235'),
(263, 'MUL13118', '-6570870040766279955', '-5853193974244163389', '02', '', '2', 'D22-294'),
(264, 'MUL13148', '-7136777677534915684', '-5307777497947000982', '02', '', '2', 'D20TKDPT2'),
(265, 'MUL13151', '-7771767046348651635', '-7809378129654599197', '02', '', '3', 'D22-296'),
(266, 'MUL1392M', '-5908335273019722517', '-7857143232909054483', '02', '', '2', 'D22-302'),
(267, 'MUL1393', '-9216149201601437372', '-8297965420919614479', '02', '', '2', 'D22-304'),
(268, 'MUL14106', '-8476736375264177450', '-5173290683727915951', '02', '', '3', 'D21-238'),
(269, 'MUL14108', '-9004448651163459616', '-5142017239398984085', '02', '', '2', 'D21-240'),
(270, 'MUL14110', '-7764899183082675518', '-7681344034675446746', '02', '', '2', 'D21-242'),
(271, 'MUL14113', '-7735689018905231401', '-7740766551881846580', '02', '', '3', 'D22-306'),
(272, 'MUL14115', '-5122568771815759765', '-4622083814324225615', '02', '', '3', 'D21-244'),
(273, 'MUL14131', '-8433927684438355688', '-7732133248788324434', '02', '', '3', 'D21-247'),
(274, 'MUL14132', '-4732430338991126945', '-6713557231444632505', '02', '', '3', 'D21-250'),
(275, 'MUL14135', '-7793516941678072590', '-7151300426516407115', '02', '', '3', 'D21-253'),
(276, 'MUL14136', '-4774895815265636570', '-5362939345514148665', '02', '', '3', 'D21-256'),
(277, 'MUL14139', '-4911220067123503494', '-6997005616451231542', '02', '', '3', 'D20TKDPT2'),
(278, 'MUL14140', '-5146662400601792895', '-8210110567077168396', '02', '', '3', 'D21-259'),
(279, 'MUL14141', '-5102691525658170241', '-7020371905088634592', '02', '', '2', 'D20TKDPT1'),
(280, 'MUL14155', '-6920805744057478376', '-6313335476620729574', '02', '', '3', 'D21-262'),
(281, 'MUL14204', '-7816434561429591840', '-6474124718664790003', '02', '', '4', 'D20TKDPT1'),
(282, 'MUL1423', '-8958540058734913906', '-9216348173499873234', '02', '', '2', 'D21-265'),
(283, 'MUL1454', '-7137875791795709250', '-7438751544350205182', '02', '', '3', 'D22-311'),
(284, 'MUL1465', '-5074672230990141935', '-7704353669255728740', '02', '', '1', 'D20TKDPT1'),
(285, 'OTC1301', '-9053877403481003249', '-6402955468132384403', '02', '', '3', 'D21-267'),
(286, 'SKD1101', '-5526708950235088726', '-7385894715607289582', '02', '', '1', 'D21-353'),
(287, 'SKD1102', '-8211043754929250239', '-6204546437583296948', '02', '', '1', 'D21-281'),
(288, 'SKD1103', '-5816436363423995707', '-7073731741616881880', '02', '', '1', 'D22-314'),
(289, 'SKD1108', '-6189085073720479548', '-7664203872546753042', '02', '', '2', 'D20TKDPT1'),
(290, 'TEL1339', '-7454903221713877289', '-8286841325595184103', '02', '', '2', 'D21-296'),
(291, 'TEL1344', '-4658640386807149494', '-6006494648258735141', '02', '', '3', 'D22-354'),
(292, 'TEL1393', '-8245127910229214846', '-6835560728980611630', '02', '', '2', 'D21-302'),
(293, 'TEL1447', '-6685598395674920231', '-8869594249136310624', '02', '', '2', 'D20VTMD2'),
(294, 'TEL1450', '-5375731491543905002', '-6064257173548748688', '02', '', '2', 'D20VTMD2'),
(295, 'TEL1451', '-4894484659074704148', '-6350895773615920575', '02', '', '2', 'D20VTVT2'),
(296, 'TEL1452', '-6583798055238060277', '-8972925558918637721', '02', '', '2', 'D20VTHI2'),
(297, 'TEL1459', '-5476202510307156400', '-8466562026403314510', '02', '', '3', 'D20VTMD2'),
(298, 'TEL1464', '-8409509151207700518', '-5643055192477458580', '02', '', '2', 'D20VTHI2'),
(299, 'BAS1122', '-5474101329711654349', '-7291339165555194461', '03', '', '2', 'D22-003'),
(300, 'BAS1150', '-7530724320116011004', '-5378240443496231954', '03', '', '3', 'E22CQCN04-B'),
(301, 'BAS1152', '-5088073795534133314', '-4837640937552378657', '03', '', '2', 'E21CQCN03-B'),
(302, 'BAS1159', '-6202901309533190362', '-7551734074066851389', '03', '', '4', 'D22-040'),
(303, 'BSA1221', '-5631687831948523347', '-5579405080634305175', '03', '', '2', 'D22-096'),
(304, 'BSA1221_CLC', '-4746773555586950161', '-6678029098090354142', '03', '', '2', 'E22CQCN03-B'),
(305, 'BSA1309', '-8541033541929830560', '-7722905295232321570', '03', '', '3', 'D22-125'),
(306, 'BSA1314', '-7357074867116694753', '-8591174481900758098', '03', '', '2', 'D21-334'),
(307, 'BSA1320', '-5013568132495712600', '-8681803997147903674', '03', '', '2', 'D21-008'),
(308, 'BSA1328', '-6540728758314625864', '-7643539411159524221', '03', '', '3', 'D22-128'),
(309, 'BSA1331', '-6050427532855715737', '-8602696662845914463', '03', '', '3', 'D21-013'),
(310, 'BSA1335', '-7829220663172956778', '-8072775039288474610', '03', '', '2', 'D21-018'),
(311, 'BSA1348', '-6656066076532256322', '-7075517629514432172', '03', '', '3', 'D21-021'),
(312, 'BSA1354', '-8709579929478368653', '-6173843818985428500', '03', '', '2', 'D21-339'),
(313, 'BSA1364', '-4904486454009781174', '-5727866210513079207', '03', '', '2', 'D21-028'),
(314, 'BSA1365', '-7390698966875668242', '-9113403790394490478', '03', '', '3', 'D22-135'),
(315, 'BSA1448', '-5931682912476224608', '-9095413061206637449', '03', '', '2', 'D22-140'),
(316, 'ELE1308', '-7992270821569722580', '-5830695739950187227', '03', '', '3', 'D21-037'),
(317, 'ELE13101', '-5394880222748896745', '-6413216290158303291', '03', '', '3', 'D22-159'),
(318, 'ELE1317', '-4903999850059036999', '-8180219537086290209', '03', '', '3', 'D21-040'),
(319, 'ELE1319', '-8084722969080689730', '-7431071486650502164', '03', '', '3', 'D22-170'),
(320, 'ELE1406', '-7621913011196162382', '-8914598738417656705', '03', '', '2', 'D21-043'),
(321, 'ELE14106', '-8198147311243099435', '-8692663930510772565', '03', '', '2', 'D20DTRB'),
(322, 'ELE1412', '-4776469312828681885', '-7217482410473086988', '03', '', '2', 'D21-046'),
(323, 'ELE1413', '-5397057621001024493', '-6652603247299460118', '03', '', '2', 'D20DTRB'),
(324, 'ELE1422', '-5113664830164376829', '-4786976000155611248', '03', '', '2', 'D20DTRB'),
(325, 'ELE1427', '-5694725159877923199', '-6500733835029973174', '03', '', '2', 'D20XLTH'),
(326, 'FIA1310', '-8889452379803313144', '-8646768361436728120', '03', '', '3', 'D22-186'),
(327, 'FIA1321', '-8986501481421014272', '-6305657776363540735', '03', '', '3', 'D22-189'),
(328, 'FIA1324', '-6539395725839977338', '-7052378708187857244', '03', '', '3', 'D21-342'),
(329, 'FIA1326', '-6897131719545700067', '-6093381091567710114', '03', '', '3', 'D22-199'),
(330, 'FIA1332', '-8819735481231144336', '-5086577725802044861', '03', '', '3', 'D21-349'),
(331, 'FIA1334', '-7882501906171704557', '-4982547251783996098', '03', '', '2', 'D21-054'),
(332, 'FIA1382', '-7523968544460613640', '-8109167299483993477', '03', '', '4', 'D22-203'),
(333, 'FIA1401', '-8292992987991624193', '-5557610179013533896', '03', '', '3', 'D21-061'),
(334, 'FIA1414', '-8622189689840774259', '-8471874127819958149', '03', '', '2', 'D21-064'),
(335, 'FIA1420', '-5678248867939661304', '-8192249865776120945', '03', '', '3', 'D21-067'),
(336, 'FIA1422', '-5457259438122883910', '-7670873230267908960', '03', '', '2', 'D21-070'),
(337, 'FIA1433', '-8791494254214192214', '-6852643649496168629', '03', '', '2', 'D21-073'),
(338, 'FIA1439', '-5310925991265389763', '-7470651087956753760', '03', '', '2', 'D21-076'),
(339, 'FIA1440', '-5444388297690952348', '-5145277803530374643', '03', '', '2', 'D21-079'),
(340, 'FIA1485', '-5221866902090213275', '-6321596794355095878', '03', '', '2', 'D22-208'),
(341, 'INT13145', '-7164520275059454428', '-6868304369445979713', '03', '', '3', 'D22-232'),
(342, 'INT13145_CLC', '-4884397775596186785', '-4951181180909921240', '03', '', '3', 'E22CQCN04-B'),
(343, 'INT13147', '-5875720675243755709', '-7287609146792735408', '03', '', '3', 'D21-110'),
(344, 'INT13162', '-8535650547105842597', '-7431852391335582610', '03', '', '3', 'D21-117'),
(345, 'INT1325', '-5882750500236244032', '-5608498150089735532', '03', '', '2', 'D22-249'),
(346, 'INT1340', '-8880389397254297193', '-4791141153877039596', '03', '', '3', 'D21-121'),
(347, 'INT1340_CLC', '-6811339337377702273', '-6751779029689555340', '03', '', '3', 'E21CQCN03-B'),
(348, 'INT1341', '-4896733247887496832', '-5109424779906360112', '03', '', '3', 'D21-139'),
(349, 'INT1341_CLC', '-5258849763059126143', '-5957518967226919834', '03', '', '3', 'E21CQCN03-B'),
(350, 'INT1359', '-5212322828090028266', '-8580318936190513771', '03', '', '3', 'D22-256'),
(351, 'INT1359_CLC', '-5628621482363042619', '-5052449052157962261', '03', '', '3', 'E22CQCN02-B'),
(352, 'INT1405', '-8589115512259716242', '-7434256808502478149', '03', '', '3', 'D20HTTT3'),
(353, 'INT1408', '-6490967139270227722', '-6936988128145753115', '03', '', '1', 'D20CNPM1'),
(354, 'INT1409', '-5745588219647617106', '-9051615461941841034', '03', '', '1', 'D20HTTT1'),
(355, 'INT14106', '-7376150062510024012', '-8729001045392563715', '03', '', '3', 'D20CQAT04-B'),
(356, 'INT14119_CLC', '-6154664273012225121', '-5302839092599426093', '03', '', '3', 'E22CQCN04-B'),
(357, 'INT1414_CLC', '-6743831859035892541', '-9069057024940504085', '03', '', '2', 'E21CQCN03-B'),
(358, 'INT14148', '-6894805298247940772', '-6540749945849258848', '03', '', '3', 'D21-168'),
(359, 'INT1416', '-8327474004175945373', '-8559558700915740227', '03', '', '3', 'D20CNPM1'),
(360, 'INT1418', '-5456959796483080410', '-6877419684612350564', '03', '', '3', 'D20HTTT1'),
(361, 'INT1422', '-4681739916217842997', '-5932074411299283609', '03', '', '3', 'D20HTTT1'),
(362, 'INT1427', '-6658156956702961820', '-5019988044316127723', '03', '', '3', 'D20CNPM3'),
(363, 'INT1445', '-8081300994197310554', '-8537464060658326760', '03', '', '3', 'D20HTTT4'),
(364, 'INT1446', '-5446011092281405697', '-8530509901219111627', '03', '', '3', 'D20HTTT3'),
(365, 'INT1448', '-8517021383462445129', '-6954020041152082420', '03', '', '3', 'D20CNPM4'),
(366, 'INT1461', '-7456098251519912771', '-8819645752023030720', '03', '', '3', 'D20CNPM5'),
(367, 'MAR1304', '-6073333075247203074', '-5139284877940643890', '03', '', '2', 'D22-280'),
(368, 'MAR1309', '-5144204747842752344', '-5148452663999282172', '03', '', '3', 'D21-202'),
(369, 'MAR1312', '-8344053655511548048', '-4781855464028122504', '03', '', '2', 'D21-206'),
(370, 'MAR1314', '-7828216547250619612', '-6689397893380532092', '03', '', '3', 'D21-210'),
(371, 'MAR1318', '-4875503308203210612', '-8919221943787348154', '03', '', '2', 'D21-214'),
(372, 'MAR1328', '-8409168889291016935', '-7253368305350998702', '03', '', '2', 'D21-218'),
(373, 'MAR1329', '-6515258109771276262', '-5452130738619907637', '03', '', '2', 'D21-222'),
(374, 'MAR1333', '-4905447013489144141', '-4905834064391973031', '03', '', '3', 'D22-284'),
(375, 'MAR1424', '-7586131876132015836', '-5494749840819123854', '03', '', '2', 'D22-288'),
(376, 'MAR1426', '-6034461130507120738', '-5611532746216731127', '03', '', '2', 'D21-226'),
(377, 'MAR1427', '-7091262409510261592', '-8007870819134887944', '03', '', '2', 'D21-230'),
(378, 'MUL1307', '-7032214169741699965', '-7716993010940926210', '03', '', '2', 'D22-292'),
(379, 'MUL13148', '-5124983451535710571', '-5307777497947000982', '03', '', '2', 'D20TKDPT3'),
(380, 'MUL13151', '-5457600325784258020', '-7809378129654599197', '03', '', '3', 'D22-297'),
(381, 'MUL14131', '-5181536395421241758', '-7732133248788324434', '03', '', '3', 'D21-248'),
(382, 'MUL14132', '-6831122949379888605', '-6713557231444632505', '03', '', '3', 'D21-251'),
(383, 'MUL14135', '-7500216868972591843', '-7151300426516407115', '03', '', '3', 'D21-254'),
(384, 'MUL14136', '-6279629328215786154', '-5362939345514148665', '03', '', '3', 'D21-257'),
(385, 'MUL14139', '-9076688988418838219', '-6997005616451231542', '03', '', '3', 'D20TKDPT3'),
(386, 'MUL14140', '-6273255962251979705', '-8210110567077168396', '03', '', '3', 'D21-260'),
(387, 'MUL14141', '-8395607880117711497', '-7020371905088634592', '03', '', '2', 'D20TKDPT3'),
(388, 'MUL14155', '-8986323859596620174', '-6313335476620729574', '03', '', '3', 'D21-263'),
(389, 'MUL14204', '-5797149456905557011', '-6474124718664790003', '03', '', '4', 'D20TKDPT2'),
(390, 'MUL1454', '-5057016994421656598', '-7438751544350205182', '03', '', '3', 'D22-312'),
(391, 'MUL1465', '-5743884847804008236', '-7704353669255728740', '03', '', '1', 'D20TKDPT3'),
(392, 'OTC1301', '-5966276714778673961', '-6402955468132384403', '03', '', '3', 'D21-268'),
(393, 'SKD1101', '-5267003014587236219', '-7385894715607289582', '03', '', '1', 'D21-354'),
(394, 'SKD1102', '-7085642440393146856', '-6204546437583296948', '03', '', '1', 'D21-282'),
(395, 'SKD1103', '-7429932058037690134', '-7073731741616881880', '03', '', '1', 'D22-315'),
(396, 'SKD1108', '-8252157191261347173', '-7664203872546753042', '03', '', '2', 'D20TKDPT2'),
(397, 'TEL1339', '-4837236312102859444', '-8286841325595184103', '03', '', '2', 'D21-297'),
(398, 'TEL1344', '-8276015242638925365', '-6006494648258735141', '03', '', '3', 'D22-355'),
(399, 'TEL1393', '-7374151049685286310', '-6835560728980611630', '03', '', '2', 'D21-303'),
(400, 'TEL1447', '-5164733618892229355', '-8869594249136310624', '03', '', '2', 'D20VTMD3'),
(401, 'TEL1450', '-5947698158738172119', '-6064257173548748688', '03', '', '2', 'D20VTMD3'),
(402, 'TEL1452', '-5195206918945474354', '-8972925558918637721', '03', '', '2', 'D20VTHI3'),
(403, 'TEL1459', '-7006424450034408156', '-8466562026403314510', '03', '', '3', 'D20VTMD3'),
(404, 'TEL1464', '-6671162176698975036', '-5643055192477458580', '03', '', '2', 'D20VTHI3'),
(405, 'BAS1122', '-8629452491322082933', '-7291339165555194461', '04', '', '2', 'D22-004'),
(406, 'BAS1150', '-5376683874367890101', '-5378240443496231954', '04', '', '3', 'E22CQCN03-B'),
(407, 'BAS1152', '-9135869262497678447', '-4837640937552378657', '04', '', '2', 'E21CQCN05-B'),
(408, 'BAS1159', '-5864577939366396108', '-7551734074066851389', '04', '', '4', 'D22-041'),
(409, 'BSA1221', '-5746107668737068920', '-5579405080634305175', '04', '', '2', 'D22-097'),
(410, 'BSA1221_CLC', '-5372831186919186361', '-6678029098090354142', '04', '', '2', 'E22CQCN04-B'),
(411, 'BSA1314', '-6326678943601822266', '-8591174481900758098', '04', '', '2', 'D21-335'),
(412, 'BSA1320', '-5092138128416294278', '-8681803997147903674', '04', '', '2', 'D21-009'),
(413, 'BSA1328', '-9080188545839389096', '-7643539411159524221', '04', '', '3', 'D22-129'),
(414, 'BSA1331', '-7050594892537420011', '-8602696662845914463', '04', '', '3', 'D21-014'),
(415, 'BSA1354', '-8291346132110121160', '-6173843818985428500', '04', '', '2', 'D21-340'),
(416, 'BSA1364', '-7646180222070016581', '-5727866210513079207', '04', '', '2', 'D21-029'),
(417, 'BSA1365', '-5378287286736416209', '-9113403790394490478', '04', '', '3', 'D22-136'),
(418, 'ELE13101', '-4856067195214039892', '-6413216290158303291', '04', '', '3', 'D22-160'),
(419, 'ELE1319', '-6714480512496549527', '-7431071486650502164', '04', '', '3', 'D22-171'),
(420, 'ELE14106', '-6090820020627559458', '-8692663930510772565', '04', '', '2', 'D20XLTH'),
(421, 'ELE1413', '-8536692665566472557', '-6652603247299460118', '04', '', '2', 'D20XLTH'),
(422, 'FIA1321', '-8406686813983823966', '-6305657776363540735', '04', '', '3', 'D22-190'),
(423, 'FIA1324', '-8862952803525055084', '-7052378708187857244', '04', '', '3', 'D21-343'),
(424, 'FIA1326', '-8235989254930465314', '-6093381091567710114', '04', '', '3', 'D22-200'),
(425, 'FIA1332', '-8217745329600764368', '-5086577725802044861', '04', '', '3', 'D21-350'),
(426, 'FIA1334', '-8360957066758768338', '-4982547251783996098', '04', '', '2', 'D21-055'),
(427, 'INT13145', '-6898301765883708999', '-6868304369445979713', '04', '', '3', 'D22-233'),
(428, 'INT13145_CLC', '-9133396458758151996', '-4951181180909921240', '04', '', '3', 'E22CQCN02-B'),
(429, 'INT13147', '-7469059455572168026', '-7287609146792735408', '04', '', '3', 'D21-111'),
(430, 'INT13162', '-5399708875243242570', '-7431852391335582610', '04', '', '3', 'D21-118'),
(431, 'INT1340', '-7958383804301801808', '-4791141153877039596', '04', '', '3', 'D21-122'),
(432, 'INT1340_CLC', '-6896649794459323998', '-6751779029689555340', '04', '', '3', 'E21CQCN05-B'),
(433, 'INT1341', '-6983675642430091794', '-5109424779906360112', '04', '', '3', 'D21-140'),
(434, 'INT1341_CLC', '-5234422284879470435', '-5957518967226919834', '04', '', '3', 'E21CQCN05-B'),
(435, 'INT1359', '-8038680076944429734', '-8580318936190513771', '04', '', '3', 'D22-257'),
(436, 'INT1359_CLC', '-8090755662710673974', '-5052449052157962261', '04', '', '3', 'E22CQCN01-B'),
(437, 'INT1405', '-6719143433344918006', '-7434256808502478149', '04', '', '3', 'D20HTTT4'),
(438, 'INT1408', '-6920741980100832289', '-6936988128145753115', '04', '', '1', 'D20CNPM2'),
(439, 'INT1409', '-8331053996149419576', '-9051615461941841034', '04', '', '1', 'D20HTTT1'),
(440, 'INT14106', '-8501726051779722169', '-8729001045392563715', '04', '', '3', 'D20CQAT03-B'),
(441, 'INT14119_CLC', '-6313112114686002959', '-5302839092599426093', '04', '', '3', 'E22CQCN03-B'),
(442, 'INT1414_CLC', '-8380959104733826677', '-9069057024940504085', '04', '', '2', 'E21CQCN04-B'),
(443, 'INT14148', '-5804182115268995267', '-6540749945849258848', '04', '', '3', 'D21-169'),
(444, 'INT1416', '-5751309636469437743', '-8559558700915740227', '04', '', '3', 'D20CNPM1'),
(445, 'INT1418', '-5761800761441662929', '-6877419684612350564', '04', '', '3', 'D20HTTT1'),
(446, 'INT1422', '-8378824283231965462', '-5932074411299283609', '04', '', '3', 'D20HTTT1'),
(447, 'INT1427', '-5776545377460630089', '-5019988044316127723', '04', '', '3', 'D20CNPM4'),
(448, 'INT1445', '-5036325834320521679', '-8537464060658326760', '04', '', '3', 'D20HTTT3'),
(449, 'INT1446', '-5892248088139367604', '-8530509901219111627', '04', '', '3', 'D20HTTT4'),
(450, 'INT1448', '-5435019939048187096', '-6954020041152082420', '04', '', '3', 'D20CNPM3'),
(451, 'INT1461', '-6233548645283603176', '-8819645752023030720', '04', '', '3', 'D20CNPM6'),
(452, 'MAR1304', '-6673298976200038643', '-5139284877940643890', '04', '', '2', 'D22-281'),
(453, 'MAR1309', '-6169792354947813215', '-5148452663999282172', '04', '', '3', 'D21-203'),
(454, 'MAR1312', '-8817922472992410530', '-4781855464028122504', '04', '', '2', 'D21-207'),
(455, 'MAR1314', '-7522376447167774052', '-6689397893380532092', '04', '', '3', 'D21-211'),
(456, 'MAR1318', '-7008581387175051866', '-8919221943787348154', '04', '', '2', 'D21-215'),
(457, 'MAR1328', '-9199903487888517984', '-7253368305350998702', '04', '', '2', 'D21-219'),
(458, 'MAR1329', '-5377308377168860207', '-5452130738619907637', '04', '', '2', 'D21-223'),
(459, 'MAR1333', '-9058691437193328028', '-4905834064391973031', '04', '', '3', 'D22-285'),
(460, 'MAR1424', '-5918614648793594430', '-5494749840819123854', '04', '', '2', 'D22-289'),
(461, 'MAR1426', '-8066973393062968680', '-5611532746216731127', '04', '', '2', 'D21-227'),
(462, 'MAR1427', '-5586382144709145545', '-8007870819134887944', '04', '', '2', 'D21-231'),
(463, 'MUL13148', '-6011645007152826943', '-5307777497947000982', '04', '', '2', 'D21-236'),
(464, 'MUL14204', '-7569118488621202893', '-6474124718664790003', '04', '', '4', 'D20TKDPT3'),
(465, 'OTC1301', '-7173069775229063454', '-6402955468132384403', '04', '', '3', 'D21-269'),
(466, 'SKD1101', '-5199027357259301811', '-7385894715607289582', '04', '', '1', 'D21-355'),
(467, 'SKD1102', '-5608307143489084320', '-6204546437583296948', '04', '', '1', 'D21-283'),
(468, 'SKD1103', '-8058749038182503351', '-7073731741616881880', '04', '', '1', 'D22-316'),
(469, 'SKD1108', '-7604703462673480651', '-7664203872546753042', '04', '', '2', 'E22CQCN03-B'),
(470, 'TEL1339', '-4751782007465094553', '-8286841325595184103', '04', '', '2', 'D21-298'),
(471, 'TEL1344', '-5416863450253024323', '-6006494648258735141', '04', '', '3', 'D22-356'),
(472, 'TEL1393', '-5729456142125485531', '-6835560728980611630', '04', '', '2', 'D21-304'),
(473, 'TEL1447', '-7862675468080061226', '-8869594249136310624', '04', '', '2', 'D20VTVT1'),
(474, 'BAS1122', '-7257958112664428776', '-7291339165555194461', '05', '', '2', 'D22-005'),
(475, 'BAS1150', '-6016951656090151457', '-5378240443496231954', '05', '', '3', 'E22CQCN05-B'),
(476, 'BAS1152', '-5128293703118860945', '-4837640937552378657', '05', '', '2', 'E21CQCN04-B'),
(477, 'BAS1159', '-6753811092070582127', '-7551734074066851389', '05', '', '4', 'D22-042'),
(478, 'BSA1221', '-4824915263813173440', '-5579405080634305175', '05', '', '2', 'D22-098'),
(479, 'BSA1221_CLC', '-5923053839743221599', '-6678029098090354142', '05', '', '2', 'E22CQCN05-B'),
(480, 'BSA1314', '-8561320428333090567', '-8591174481900758098', '05', '', '2', 'D21-336'),
(481, 'BSA1320', '-8962158907544111305', '-8681803997147903674', '05', '', '2', 'D21-010'),
(482, 'BSA1328', '-8582983503974228830', '-7643539411159524221', '05', '', '3', 'D22-130'),
(483, 'BSA1331', '-7374654740463572509', '-8602696662845914463', '05', '', '3', 'D21-015'),
(484, 'BSA1354', '-8481268100305063176', '-6173843818985428500', '05', '', '2', 'D21-341'),
(485, 'BSA1364', '-5851607080832157749', '-5727866210513079207', '05', '', '2', 'D21-030'),
(486, 'BSA1365', '-8408625563942564953', '-9113403790394490478', '05', '', '3', 'D22-137'),
(487, 'ELE13101', '-7491904487376428320', '-6413216290158303291', '05', '', '3', 'D22-161'),
(488, 'ELE1319', '-4737646650631576275', '-7431071486650502164', '05', '', '3', 'D22-172'),
(489, 'FIA1321', '-6381302925576101387', '-6305657776363540735', '05', '', '3', 'D22-191'),
(490, 'FIA1324', '-8441804699154567103', '-7052378708187857244', '05', '', '3', 'D21-344'),
(491, 'FIA1332', '-5267558509159245151', '-5086577725802044861', '05', '', '3', 'D21-351'),
(492, 'INT13145', '-5245317930511660706', '-6868304369445979713', '05', '', '3', 'D22-234'),
(493, 'INT13145_CLC', '-8184367962995589537', '-4951181180909921240', '05', '', '3', 'E22CQCN05-B'),
(494, 'INT13147', '-7831981393561949057', '-7287609146792735408', '05', '', '3', 'D21-112'),
(495, 'INT1340', '-5602119513853069951', '-4791141153877039596', '05', '', '3', 'D21-123'),
(496, 'INT1340_CLC', '-7769210857381980628', '-6751779029689555340', '05', '', '3', 'E21CQCN04-B'),
(497, 'INT1341', '-7307636830369028305', '-5109424779906360112', '05', '', '3', 'D21-141'),
(498, 'INT1341_CLC', '-7624992870576359763', '-5957518967226919834', '05', '', '3', 'E21CQCN04-B'),
(499, 'INT1359', '-8086944012454172715', '-8580318936190513771', '05', '', '3', 'D22-258'),
(500, 'INT1359_CLC', '-7133921872249382748', '-5052449052157962261', '05', '', '3', 'E22CQCN05-B'),
(501, 'INT1405', '-8489283214361502880', '-7434256808502478149', '05', '', '3', 'D20HTTT5'),
(502, 'INT1408', '-5760250590227431648', '-6936988128145753115', '05', '', '1', 'D20CNPM5'),
(503, 'INT14119_CLC', '-6236861767549704114', '-5302839092599426093', '05', '', '3', 'E22CQCN05-B'),
(504, 'INT1414_CLC', '-5855722065693732462', '-9069057024940504085', '05', '', '2', 'E21CQCN05-B'),
(505, 'INT14148', '-6017783966639353214', '-6540749945849258848', '05', '', '3', 'D21-170'),
(506, 'INT1427', '-9034387302535250108', '-5019988044316127723', '05', '', '3', 'D20CNPM5'),
(507, 'INT1445', '-8488800247966173956', '-8537464060658326760', '05', '', '3', 'D20HTTT6'),
(508, 'INT1446', '-5110149190315836008', '-8530509901219111627', '05', '', '3', 'D20HTTT5'),
(509, 'INT1448', '-9121788342610573303', '-6954020041152082420', '05', '', '3', 'D20CNPM6'),
(510, 'INT1461', '-6403544586598158030', '-8819645752023030720', '05', '', '3', 'D20CNPM4'),
(511, 'OTC1301', '-7732120744509621703', '-6402955468132384403', '05', '', '3', 'D21-270'),
(512, 'SKD1101', '-7141226858383440400', '-7385894715607289582', '05', '', '1', 'D21-356'),
(513, 'SKD1102', '-5601054754381351742', '-6204546437583296948', '05', '', '1', 'D21-284'),
(514, 'SKD1103', '-8460856155654932588', '-7073731741616881880', '05', '', '1', 'D22-317'),
(515, 'SKD1108', '-8006531576163805014', '-7664203872546753042', '05', '', '2', 'E22CQCN04-B'),
(516, 'TEL1339', '-8016705123228108318', '-8286841325595184103', '05', '', '2', 'D21-299'),
(517, 'TEL1344', '-8891219596174931010', '-6006494648258735141', '05', '', '3', 'D22-357'),
(518, 'TEL1393', '-7952421703204987626', '-6835560728980611630', '05', '', '2', 'D21-305'),
(519, 'TEL1447', '-5437519470919111683', '-8869594249136310624', '05', '', '2', 'D20VTVT2'),
(520, 'BAS1122', '-6492013223503063979', '-7291339165555194461', '06', '', '2', 'D22-006'),
(521, 'BAS1159', '-7720177014553918656', '-7551734074066851389', '06', '', '4', 'D22-043'),
(522, 'BSA1221', '-7835073786731414982', '-5579405080634305175', '06', '', '2', 'D22-099'),
(523, 'ELE13101', '-7980952075603797791', '-6413216290158303291', '06', '', '3', 'D22-162'),
(524, 'ELE1319', '-6129785822473897293', '-7431071486650502164', '06', '', '3', 'D22-173'),
(525, 'FIA1321', '-4830349813511838984', '-6305657776363540735', '06', '', '3', 'D22-192'),
(526, 'FIA1324', '-7435585921353710359', '-7052378708187857244', '06', '', '3', 'D21-345'),
(527, 'INT13145', '-6012531695748105953', '-6868304369445979713', '06', '', '3', 'D22-235'),
(528, 'INT13147', '-7390428646767393729', '-7287609146792735408', '06', '', '3', 'D21-113'),
(529, 'INT1340', '-8069399181804532417', '-4791141153877039596', '06', '', '3', 'D21-124'),
(530, 'INT1341', '-7519079260820383625', '-5109424779906360112', '06', '', '3', 'D21-142'),
(531, 'INT1359', '-7894033859833844640', '-8580318936190513771', '06', '', '3', 'D22-259'),
(532, 'INT1405', '-7957218437437286243', '-7434256808502478149', '06', '', '3', 'D20HTTT6'),
(533, 'INT1408', '-8004440497236255601', '-6936988128145753115', '06', '', '1', 'D20CNPM6'),
(534, 'INT14148', '-7896050701638882324', '-6540749945849258848', '06', '', '3', 'D21-171'),
(535, 'INT1427', '-9205371907860975587', '-5019988044316127723', '06', '', '3', 'D20CNPM6'),
(536, 'INT1445', '-8188269886690182040', '-8537464060658326760', '06', '', '3', 'D20HTTT5'),
(537, 'INT1446', '-7540755244657535681', '-8530509901219111627', '06', '', '3', 'D20HTTT6'),
(538, 'INT1448', '-7097758455454244551', '-6954020041152082420', '06', '', '3', 'D20CNPM5'),
(539, 'INT1461', '-7894072072679690560', '-8819645752023030720', '06', '', '3', 'D20CNPM3'),
(540, 'OTC1301', '-4994219900017160889', '-6402955468132384403', '06', '', '3', 'D21-271'),
(541, 'SKD1101', '-7298766661248640621', '-7385894715607289582', '06', '', '1', 'D21-357'),
(542, 'SKD1102', '-7448074503743762472', '-6204546437583296948', '06', '', '1', 'D21-285'),
(543, 'SKD1103', '-7337364692611375830', '-7073731741616881880', '06', '', '1', 'D22-318'),
(544, 'SKD1108', '-8364744957790321389', '-7664203872546753042', '06', '', '2', 'E22CQCN01-B'),
(545, 'TEL1339', '-5865073394333960387', '-8286841325595184103', '06', '', '2', 'D21-300'),
(546, 'TEL1344', '-5309333695042752411', '-6006494648258735141', '06', '', '3', 'D22-358'),
(547, 'TEL1393', '-5722452834139605899', '-6835560728980611630', '06', '', '2', 'D21-306'),
(548, 'BAS1122', '-5914364576801530710', '-7291339165555194461', '07', '', '2', 'D22-007');
INSERT INTO `ds_nhom_to` (`id`, `ma_mon`, `id_to_hoc`, `id_mon`, `group_number`, `team_number`, `so_tc`, `ds_lop`) VALUES
(549, 'BAS1159', '-6034858087908857227', '-7551734074066851389', '07', '', '4', 'D22-044'),
(550, 'BSA1221', '-8911459533281615651', '-5579405080634305175', '07', '', '2', 'D22-100'),
(551, 'ELE13101', '-7786213317326062329', '-6413216290158303291', '07', '', '3', 'D22-163'),
(552, 'ELE1319', '-8860858828706270053', '-7431071486650502164', '07', '', '3', 'D22-174'),
(553, 'FIA1321', '-6060055163290353928', '-6305657776363540735', '07', '', '3', 'D22-193'),
(554, 'FIA1324', '-8485540870196792028', '-7052378708187857244', '07', '', '3', 'D21-346'),
(555, 'INT13145', '-9120998283627967006', '-6868304369445979713', '07', '', '3', 'D22-236'),
(556, 'INT13147', '-7340698389192820903', '-7287609146792735408', '07', '', '3', 'D21-108'),
(557, 'INT1340', '-8227650243094685989', '-4791141153877039596', '07', '', '3', 'D21-125'),
(558, 'INT1341', '-8958783987927013818', '-5109424779906360112', '07', '', '3', 'D21-143'),
(559, 'INT1359', '-8902254064422950510', '-8580318936190513771', '07', '', '3', 'D22-260'),
(560, 'INT14148', '-7091927183368131907', '-6540749945849258848', '07', '', '3', 'D21-172'),
(561, 'OTC1301', '-6930307890550322368', '-6402955468132384403', '07', '', '3', 'D21-272'),
(562, 'SKD1101', '-5434534363393110145', '-7385894715607289582', '07', '', '1', 'D21-358'),
(563, 'SKD1102', '-7346355165070668620', '-6204546437583296948', '07', '', '1', 'D21-286'),
(564, 'SKD1103', '-8553200620979565815', '-7073731741616881880', '07', '', '1', 'D22-319'),
(565, 'SKD1108', '-5742130057359317563', '-7664203872546753042', '07', '', '2', 'E22CQCN02-B'),
(566, 'BAS1122', '-6973195094450715684', '-7291339165555194461', '08', '', '2', 'D22-008'),
(567, 'BAS1159', '-8910108262604118527', '-7551734074066851389', '08', '', '4', 'D22-045'),
(568, 'BSA1221', '-5578859028769138856', '-5579405080634305175', '08', '', '2', 'D22-101'),
(569, 'ELE13101', '-7739660449744401523', '-6413216290158303291', '08', '', '3', 'D22-164'),
(570, 'ELE1319', '-5618295299607219736', '-7431071486650502164', '08', '', '3', 'D22-175'),
(571, 'FIA1321', '-9154634677018033216', '-6305657776363540735', '08', '', '3', 'D22-194'),
(572, 'INT13145', '-4635336988971280067', '-6868304369445979713', '08', '', '3', 'D22-237'),
(573, 'INT1340', '-9021363090158698217', '-4791141153877039596', '08', '', '3', 'D21-126'),
(574, 'INT1341', '-8372945308351928490', '-5109424779906360112', '08', '', '3', 'D21-144'),
(575, 'INT1359', '-6327022648527183678', '-8580318936190513771', '08', '', '3', 'D22-261'),
(576, 'INT14148', '-6054655865085772887', '-6540749945849258848', '08', '', '3', 'D21-173'),
(577, 'OTC1301', '-4722550342540740303', '-6402955468132384403', '08', '', '3', 'D21-273'),
(578, 'SKD1101', '-7016686705890412464', '-7385894715607289582', '08', '', '1', 'D21-359'),
(579, 'SKD1102', '-6159590773473918574', '-6204546437583296948', '08', '', '1', 'D21-287'),
(580, 'SKD1103', '-4969459268629773175', '-7073731741616881880', '08', '', '1', 'D22-320'),
(581, 'SKD1108', '-8462629604654076343', '-7664203872546753042', '08', '', '2', 'E22CQCN05-B'),
(582, 'BAS1122', '-8426888399244511158', '-7291339165555194461', '09', '', '2', 'D22-009'),
(583, 'BAS1159', '-7983132124266047768', '-7551734074066851389', '09', '', '4', 'D22-046'),
(584, 'BSA1221', '-8977881383497613090', '-5579405080634305175', '09', '', '2', 'D22-102'),
(585, 'ELE1319', '-6405363401294828625', '-7431071486650502164', '09', '', '3', 'D22-176'),
(586, 'INT13145', '-5694817719593174668', '-6868304369445979713', '09', '', '3', 'D22-238'),
(587, 'INT1340', '-8466010334695722772', '-4791141153877039596', '09', '', '3', 'D21-127'),
(588, 'INT1341', '-5894306982685481478', '-5109424779906360112', '09', '', '3', 'D21-145'),
(589, 'INT1359', '-5773615019250589034', '-8580318936190513771', '09', '', '3', 'D22-262'),
(590, 'INT14148', '-6105774619335233200', '-6540749945849258848', '09', '', '3', 'D21-174'),
(591, 'OTC1301', '-4833637629829498069', '-6402955468132384403', '09', '', '3', 'D21-274'),
(592, 'SKD1101', '-8841348239294848240', '-7385894715607289582', '09', '', '1', 'D21-360'),
(593, 'SKD1102', '-6863407617776530425', '-6204546437583296948', '09', '', '1', 'D21-288'),
(594, 'SKD1103', '-6190842523885038519', '-7073731741616881880', '09', '', '1', 'D22-321'),
(595, 'SKD1108', '-7898595943548146136', '-7664203872546753042', '09', '', '2', 'D21-292'),
(596, 'BAS1122', '-8178621646553430430', '-7291339165555194461', '10', '', '2', 'D22-010'),
(597, 'BAS1159', '-7077080302896375327', '-7551734074066851389', '10', '', '4', 'D22-047'),
(598, 'BSA1221', '-8028919862807769620', '-5579405080634305175', '10', '', '2', 'D22-103'),
(599, 'ELE1319', '-7677070505125735780', '-7431071486650502164', '10', '', '3', 'D22-177'),
(600, 'INT13145', '-4895378956017639454', '-6868304369445979713', '10', '', '3', 'D22-239'),
(601, 'INT1340', '-6197265500771562533', '-4791141153877039596', '10', '', '3', 'D21-128'),
(602, 'INT1341', '-7035760715003790882', '-5109424779906360112', '10', '', '3', 'D21-146'),
(603, 'INT1359', '-8863305773812530414', '-8580318936190513771', '10', '', '3', 'D22-263'),
(604, 'INT14148', '-6611122692845154222', '-6540749945849258848', '10', '', '3', 'D21-175'),
(605, 'SKD1101', '-7247759989953040379', '-7385894715607289582', '10', '', '1', 'D21-361'),
(606, 'SKD1102', '-4800249010132992624', '-6204546437583296948', '10', '', '1', 'D21-289'),
(607, 'SKD1103', '-5186793864669038260', '-7073731741616881880', '10', '', '1', 'D22-322'),
(608, 'SKD1108', '-6080220484549737082', '-7664203872546753042', '10', '', '2', 'D21-293'),
(609, 'BAS1122', '-8241663919456906125', '-7291339165555194461', '11', '', '2', 'D22-011'),
(610, 'BAS1159', '-7712110562644898169', '-7551734074066851389', '11', '', '4', 'D22-048'),
(611, 'BSA1221', '-8237517131677363876', '-5579405080634305175', '11', '', '2', 'D22-104'),
(612, 'ELE1319', '-5707721023841745859', '-7431071486650502164', '11', '', '3', 'D22-178'),
(613, 'INT13145', '-6919184038408189464', '-6868304369445979713', '11', '', '3', 'D22-240'),
(614, 'INT1340', '-6040263499418926260', '-4791141153877039596', '11', '', '3', 'D21-129'),
(615, 'INT1341', '-7829331940259080442', '-5109424779906360112', '11', '', '3', 'D21-147'),
(616, 'INT1359', '-7478647911938946486', '-8580318936190513771', '11', '', '3', 'D22-264'),
(617, 'SKD1101', '-8087868633974675053', '-7385894715607289582', '11', '', '1', 'D21-362'),
(618, 'SKD1102', '-5662699040543966513', '-6204546437583296948', '11', '', '1', 'D21-290'),
(619, 'SKD1103', '-7997521594518861322', '-7073731741616881880', '11', '', '1', 'D22-323'),
(620, 'SKD1108', '-8107123676346656781', '-7664203872546753042', '11', '', '2', 'D21-294'),
(621, 'BAS1122', '-5585906895928128369', '-7291339165555194461', '12', '', '2', 'D22-012'),
(622, 'BAS1159', '-8709407518300925172', '-7551734074066851389', '12', '', '4', 'D22-049'),
(623, 'BSA1221', '-6388190854880572337', '-5579405080634305175', '12', '', '2', 'D22-105'),
(624, 'ELE1319', '-5729159534610771709', '-7431071486650502164', '12', '', '3', 'D22-179'),
(625, 'INT13145', '-7788011321559799281', '-6868304369445979713', '12', '', '3', 'D22-241'),
(626, 'INT1340', '-7311891066991726538', '-4791141153877039596', '12', '', '3', 'D21-130'),
(627, 'INT1341', '-6263081647923959739', '-5109424779906360112', '12', '', '3', 'D21-148'),
(628, 'INT1359', '-8311546655097301862', '-8580318936190513771', '12', '', '3', 'D22-265'),
(629, 'SKD1101', '-8936884290835034785', '-7385894715607289582', '12', '', '1', 'D21-363'),
(630, 'SKD1102', '-8115781564176671697', '-6204546437583296948', '12', '', '1', 'D21-291'),
(631, 'SKD1103', '-5255257123380941571', '-7073731741616881880', '12', '', '1', 'D22-324'),
(632, 'BAS1122', '-7772544263817532736', '-7291339165555194461', '13', '', '2', 'D22-013'),
(633, 'BAS1159', '-8926720373746614204', '-7551734074066851389', '13', '', '4', 'D22-050'),
(634, 'BSA1221', '-5656785422615724466', '-5579405080634305175', '13', '', '2', 'D22-106'),
(635, 'ELE1319', '-6855756738140660352', '-7431071486650502164', '13', '', '3', 'D22-180'),
(636, 'INT1340', '-7483638065510459265', '-4791141153877039596', '13', '', '3', 'D21-131'),
(637, 'INT1341', '-9133622063801140498', '-5109424779906360112', '13', '', '3', 'D21-149'),
(638, 'INT1359', '-8970710826347510544', '-8580318936190513771', '13', '', '3', 'D22-266'),
(639, 'SKD1101', '-8967960957142302942', '-7385894715607289582', '13', '', '1', 'D21-364'),
(640, 'SKD1103', '-6843536337038322373', '-7073731741616881880', '13', '', '1', 'D22-325'),
(641, 'BAS1122', '-6661502617063571627', '-7291339165555194461', '14', '', '2', 'D22-014'),
(642, 'BAS1159', '-8280187643739796688', '-7551734074066851389', '14', '', '4', 'D22-051'),
(643, 'BSA1221', '-6737017039859101925', '-5579405080634305175', '14', '', '2', 'D22-107'),
(644, 'ELE1319', '-8335475776720764773', '-7431071486650502164', '14', '', '3', 'D22-181'),
(645, 'INT1340', '-6866628659927759169', '-4791141153877039596', '14', '', '3', 'D21-132'),
(646, 'INT1359', '-5724549571891904203', '-8580318936190513771', '14', '', '3', 'D22-267'),
(647, 'SKD1101', '-4695334539965007532', '-7385894715607289582', '14', '', '1', 'D21-365'),
(648, 'SKD1103', '-6221878059452971616', '-7073731741616881880', '14', '', '1', 'D22-326'),
(649, 'BAS1122', '-7592793534939303825', '-7291339165555194461', '15', '', '2', 'D22-015'),
(650, 'BAS1159', '-8532574897881572669', '-7551734074066851389', '15', '', '4', 'D22-052'),
(651, 'BSA1221', '-7421723415481790043', '-5579405080634305175', '15', '', '2', 'D22-108'),
(652, 'SKD1101', '-8229460511590768006', '-7385894715607289582', '15', '', '1', 'D21-366'),
(653, 'SKD1103', '-4960160001951853657', '-7073731741616881880', '15', '', '1', 'D22-327'),
(654, 'BAS1122', '-7169586911215125444', '-7291339165555194461', '16', '', '2', 'D22-016'),
(655, 'BAS1159', '-8658266735834409408', '-7551734074066851389', '16', '', '4', 'D22-053'),
(656, 'BSA1221', '-8702504827342082467', '-5579405080634305175', '16', '', '2', 'D22-109'),
(657, 'SKD1101', '-7205698488311242302', '-7385894715607289582', '16', '', '1', 'D21-367'),
(658, 'SKD1103', '-8995746971179588866', '-7073731741616881880', '16', '', '1', 'D22-328'),
(659, 'BAS1122', '-5423448311821195002', '-7291339165555194461', '17', '', '2', 'D22-017'),
(660, 'BAS1159', '-5411007379893449757', '-7551734074066851389', '17', '', '4', 'D22-054'),
(661, 'BSA1221', '-8991444802272428918', '-5579405080634305175', '17', '', '2', 'D22-110'),
(662, 'SKD1101', '-7208327319984485608', '-7385894715607289582', '17', '', '1', 'D21-368'),
(663, 'SKD1103', '-8168361938788834710', '-7073731741616881880', '17', '', '1', 'D22-329'),
(664, 'BAS1122', '-5357253769594678298', '-7291339165555194461', '18', '', '2', 'D22-018'),
(665, 'BAS1159', '-8836041934016226291', '-7551734074066851389', '18', '', '4', 'D22-055'),
(666, 'BSA1221', '-8189140596924025508', '-5579405080634305175', '18', '', '2', 'D22-111'),
(667, 'SKD1101', '-6631902394580037721', '-7385894715607289582', '18', '', '1', 'D21-369'),
(668, 'SKD1103', '-8066000445942773029', '-7073731741616881880', '18', '', '1', 'D22-330'),
(669, 'BAS1122', '-8196300478058931328', '-7291339165555194461', '19', '', '2', 'D22-019'),
(670, 'BAS1159', '-5893160786817207873', '-7551734074066851389', '19', '', '4', 'D22-056'),
(671, 'BSA1221', '-7734691039781799217', '-5579405080634305175', '19', '', '2', 'D22-112'),
(672, 'SKD1101', '-5947550355974257010', '-7385894715607289582', '19', '', '1', 'D21-370'),
(673, 'SKD1103', '-6111464658550711495', '-7073731741616881880', '19', '', '1', 'D22-331'),
(674, 'BAS1122', '-8399187051260555662', '-7291339165555194461', '20', '', '2', 'D22-020'),
(675, 'BAS1159', '-7836177568209109313', '-7551734074066851389', '20', '', '4', 'D22-057'),
(676, 'BSA1221', '-8877402127065317346', '-5579405080634305175', '20', '', '2', 'D22-113'),
(677, 'SKD1101', '-7708786343009781536', '-7385894715607289582', '20', '', '1', 'D21-371'),
(678, 'SKD1103', '-4972781632321945722', '-7073731741616881880', '20', '', '1', 'D22-332'),
(679, 'BAS1122', '-5137673558966431134', '-7291339165555194461', '21', '', '2', 'D22-021'),
(680, 'BAS1159', '-5323871082375097132', '-7551734074066851389', '21', '', '4', 'D22-058'),
(681, 'BSA1221', '-7844383893978533464', '-5579405080634305175', '21', '', '2', 'D22-114'),
(682, 'SKD1101', '-5708425870260324661', '-7385894715607289582', '21', '', '1', 'D21-372'),
(683, 'SKD1103', '-7543220148664784721', '-7073731741616881880', '21', '', '1', 'D22-333'),
(684, 'BAS1122', '-6842759574201753984', '-7291339165555194461', '22', '', '2', 'D22-022'),
(685, 'BAS1159', '-5200008010938243471', '-7551734074066851389', '22', '', '4', 'D22-059'),
(686, 'BSA1221', '-7182940500531860573', '-5579405080634305175', '22', '', '2', 'D22-115'),
(687, 'SKD1101', '-7193631290205281174', '-7385894715607289582', '22', '', '1', 'D21-373'),
(688, 'SKD1103', '-8245748545732143193', '-7073731741616881880', '22', '', '1', 'D22-334'),
(689, 'BAS1122', '-8650490355157585441', '-7291339165555194461', '23', '', '2', 'D22-023'),
(690, 'BAS1159', '-8265374799890826884', '-7551734074066851389', '23', '', '4', 'D22-060'),
(691, 'BSA1221', '-6747925310858078957', '-5579405080634305175', '23', '', '2', 'D22-116'),
(692, 'SKD1101', '-6826126740019469758', '-7385894715607289582', '23', '', '1', 'D21-374'),
(693, 'SKD1103', '-8683408099016511510', '-7073731741616881880', '23', '', '1', 'D22-335'),
(694, 'BAS1122', '-7278927873675429603', '-7291339165555194461', '24', '', '2', 'D22-024'),
(695, 'BAS1159', '-9138757802673242900', '-7551734074066851389', '24', '', '4', 'D22-061'),
(696, 'BSA1221', '-6126409596261156540', '-5579405080634305175', '24', '', '2', 'D22-117'),
(697, 'SKD1101', '-7077970001917779256', '-7385894715607289582', '24', '', '1', 'D21-375'),
(698, 'SKD1103', '-6047281031132047712', '-7073731741616881880', '24', '', '1', 'D22-336'),
(699, 'BAS1122', '-4735390038652142975', '-7291339165555194461', '25', '', '2', 'D22-025'),
(700, 'BAS1159', '-7059058650211195646', '-7551734074066851389', '25', '', '4', 'D22-062'),
(701, 'SKD1101', '-5718425321966601288', '-7385894715607289582', '25', '', '1', 'D21-376'),
(702, 'SKD1103', '-6078971933177036441', '-7073731741616881880', '25', '', '1', 'E22CQCN02-B'),
(703, 'BAS1122', '-4655725172834134719', '-7291339165555194461', '26', '', '2', 'D22-026'),
(704, 'BAS1159', '-6202788859555248937', '-7551734074066851389', '26', '', '4', 'D22-063'),
(705, 'SKD1101', '-5129385157356420862', '-7385894715607289582', '26', '', '1', 'D21-377'),
(706, 'SKD1103', '-6218799200596583920', '-7073731741616881880', '26', '', '1', 'E22CQCN01-B'),
(707, 'BAS1122', '-6883104190361133616', '-7291339165555194461', '27', '', '2', 'D22-027'),
(708, 'BAS1159', '-5449981089916279403', '-7551734074066851389', '27', '', '4', 'D22-064'),
(709, 'SKD1101', '-7156893545555381606', '-7385894715607289582', '27', '', '1', 'D21-378'),
(710, 'SKD1103', '-6873476610991716665', '-7073731741616881880', '27', '', '1', 'E22CQCN03-B'),
(711, 'BAS1122', '-7171864030416319279', '-7291339165555194461', '28', '', '2', 'D22-028'),
(712, 'BAS1159', '-6560943013562580337', '-7551734074066851389', '28', '', '4', 'D22-065'),
(713, 'SKD1101', '-7163084433757720250', '-7385894715607289582', '28', '', '1', 'D21-379'),
(714, 'SKD1103', '-7357911843371078363', '-7073731741616881880', '28', '', '1', 'E22CQCN04-B'),
(715, 'BAS1122', '-7488408438785199683', '-7291339165555194461', '29', '', '2', 'D22-029'),
(716, 'BAS1159', '-7962926966697654439', '-7551734074066851389', '29', '', '4', 'D22-066'),
(717, 'SKD1101', '-4958580186762454208', '-7385894715607289582', '29', '', '1', 'D21-380'),
(718, 'SKD1103', '-5527503462195802256', '-7073731741616881880', '29', '', '1', 'E22CQCN05-B'),
(719, 'BAS1122', '-7125022691324518936', '-7291339165555194461', '30', '', '2', 'D22-030'),
(720, 'BAS1159', '-4661553903530182974', '-7551734074066851389', '30', '', '4', 'D22-067'),
(721, 'SKD1101', '-7340519176935044666', '-7385894715607289582', '30', '', '1', 'D21-381'),
(722, 'BAS1122', '-5669956523215806243', '-7291339165555194461', '31', '', '2', 'D22-031'),
(723, 'BAS1159', '-4695042201406140586', '-7551734074066851389', '31', '', '4', 'D22-068'),
(724, 'SKD1101', '-6428998744200179541', '-7385894715607289582', '31', '', '1', 'D21-382'),
(725, 'BAS1122', '-4911094817423278323', '-7291339165555194461', '32', '', '2', 'D22-032'),
(726, 'BAS1159', '-5624188994208275451', '-7551734074066851389', '32', '', '4', 'D22-069'),
(727, 'SKD1101', '-9000131082739741143', '-7385894715607289582', '32', '', '1', 'D21-383'),
(728, 'BAS1159', '-4623606423011433707', '-7551734074066851389', '33', '', '4', 'D22-070'),
(729, 'SKD1101', '-8668164143070118347', '-7385894715607289582', '33', '', '1', 'D21-384'),
(730, 'BAS1159', '-6174600164926978791', '-7551734074066851389', '34', '', '4', 'D22-071'),
(731, 'SKD1101', '-8475681331110128673', '-7385894715607289582', '34', '', '1', 'D21-385'),
(732, 'BAS1159', '-8521163437802219844', '-7551734074066851389', '35', '', '4', 'D22-072'),
(733, 'SKD1101', '-6904579927962457620', '-7385894715607289582', '35', '', '1', 'D21-386'),
(734, 'BAS1159', '-4650929498471340383', '-7551734074066851389', '36', '', '4', 'D22-073'),
(735, 'SKD1101', '-8325858705202893850', '-7385894715607289582', '36', '', '1', 'D21-387'),
(736, 'BAS1159', '-7962257848313387447', '-7551734074066851389', '37', '', '4', 'D22-074'),
(737, 'SKD1101', '-6645191342678306537', '-7385894715607289582', '37', '', '1', 'E21CQCN04-B'),
(738, 'BAS1159', '-4988388186468793731', '-7551734074066851389', '38', '', '4', 'D22-075'),
(739, 'SKD1101', '-7873430020121417527', '-7385894715607289582', '38', '', '1', 'E21CQCN05-B'),
(740, 'BAS1159', '-8203196884399330976', '-7551734074066851389', '39', '', '4', 'D22-076'),
(741, 'SKD1101', '-8704120522226668997', '-7385894715607289582', '39', '', '1', 'E21CQCN01-B'),
(742, 'BAS1159', '-7711145747529227233', '-7551734074066851389', '40', '', '4', 'D22-077'),
(743, 'SKD1101', '-7563803336755454289', '-7385894715607289582', '40', '', '1', 'E21CQCN02-B'),
(744, 'BAS1159', '-5204775774194058474', '-7551734074066851389', '41', '', '4', 'D22-078'),
(745, 'SKD1101', '-7879333726144298700', '-7385894715607289582', '41', '', '1', 'E21CQCN03-B'),
(746, 'BAS1159', '-8646447869802496824', '-7551734074066851389', '42', '', '4', 'D22-079'),
(747, 'BAS1159', '-8595797742837784419', '-7551734074066851389', '43', '', '4', 'D22-080'),
(748, 'BAS1159', '-6959966674358294622', '-7551734074066851389', '44', '', '4', 'D22-081'),
(749, 'BAS1159', '-5699208661522906006', '-7551734074066851389', '45', '', '4', 'D22-082'),
(750, 'BAS1159', '-6941442890580278562', '-7551734074066851389', '46', '', '4', 'D22-083'),
(751, 'BAS1159', '-8966584539013497266', '-7551734074066851389', '47', '', '4', 'D22-084'),
(752, 'BAS1159', '-7569263524678501678', '-7551734074066851389', '48', '', '4', 'D22-085'),
(753, 'BAS1159', '-7725143856827809502', '-7551734074066851389', '49', '', '4', 'D22-086'),
(754, 'BAS1159', '-7186951930599164890', '-7551734074066851389', '50', '', '4', 'D22-087'),
(755, 'BAS1159', '-6027771755234790449', '-7551734074066851389', '51', '', '4', 'D22-088'),
(756, 'BAS1159', '-8417994330891247532', '-7551734074066851389', '52', '', '4', 'D22-089'),
(757, 'BAS1159', '-8802064624270851277', '-7551734074066851389', '53', '', '4', 'D22-090'),
(758, 'BAS1159', '-4933565458814009087', '-7551734074066851389', '54', '', '4', 'D22-091'),
(759, 'BAS1159', '-5974033652537377310', '-7551734074066851389', '55', '', '4', 'D22-092'),
(760, 'BAS1159', '-6759802301087666188', '-7551734074066851389', '56', '', '4', 'D22-093'),
(761, 'ELE1309', '-8257637286703817629', '-8616929204308359726', '01', '01', '3', 'D22-141'),
(762, 'ELE1309_CLC', '-6846491354241297786', '-8811579425408203077', '01', '01', '3', 'E22CQCN01-B'),
(763, 'ELE1310', '-7711076219843103428', '-5081900761643485941', '01', '01', '3', 'D22-154'),
(764, 'ELE1318', '-5466108585309021299', '-7555411790575887710', '01', '01', '3', 'D22-165'),
(765, 'ELE1428', '-5779164562009824075', '-5388910027219951659', '01', '01', '2', 'D21-047'),
(766, 'INT1303', '-6601712566194009492', '-7228844161606978470', '01', '01', '3', 'D21-088'),
(767, 'INT1306', '-6066743252213747835', '-5453045272345143145', '01', '01', '3', 'D22-209'),
(768, 'INT13110', '-8736835184472376347', '-8551306570735425054', '01', '01', '3', 'D21-101'),
(769, 'INT13111', '-7870917873203846899', '-7798702034939075695', '01', '01', '3', 'D21-102'),
(770, 'INT13129', '-6970668197249570157', '-6637301090432239533', '01', '01', '3', 'D22-228'),
(771, 'INT1313', '-6052064797125194395', '-4823917281357652744', '01', '01', '3', 'D21-105'),
(772, 'INT13134', '-6701853794939346317', '-4849542801170844595', '01', '01', '3', 'D21-106'),
(773, 'INT1336', '-5599069089373697672', '-7921568414717104013', '01', '01', '3', 'D22-250'),
(774, 'INT1344', '-7025272775652181034', '-8506043826735529251', '01', '01', '3', 'D21-155'),
(775, 'INT14102', '-8317782801978511171', '-6880764300708215248', '01', '01', '2', 'D20CQAT01-B'),
(776, 'INT14107', '-9028759043384118260', '-8770569290059394268', '01', '01', '3', 'D20CQAT01-B'),
(777, 'INT14136', '-4783727649669187939', '-6072480245139883157', '01', '01', '3', 'D21-159'),
(778, 'INT14165', '-5475073218304295855', '-9168259241436650434', '01', '01', '3', 'D20PTDPT'),
(779, 'INT1429M', '-7328236095861037181', '-8420610307259073275', '01', '01', '2', 'D20CQAT02-B'),
(780, 'INT1434', '-5485267218013592543', '-6629558170837040421', '01', '01', '3', 'D21-176'),
(781, 'INT1434_CLC', '-6949524838229994678', '-7523656812398707442', '01', '01', '3', 'E21CQCN01-B'),
(782, 'INT1449', '-8498423041467911352', '-4990882779464260756', '01', '01', '3', 'D20CQAT02-B'),
(783, 'INT1461_CLC', '-6476459494909645900', '-7156303995827570675', '01', '01', '3', 'E20CQCN01-B'),
(784, 'INT1472_CLC', '-7940571287846399313', '-8086703081971487782', '01', '01', '3', 'E21CQCN01-B'),
(785, 'INT1483', '-5348418152628395451', '-6464637804543003735', '01', '01', '3', 'D20CQAT01-B'),
(786, 'INT1484', '-9214292780371412865', '-5703409197697176902', '01', '01', '2', 'D21-196'),
(787, 'MUL14114', '-6865304911295391385', '-7927169305752517254', '01', '01', '3', 'D22-307'),
(788, 'MUL14130', '-5689918741211562230', '-8419461008687493232', '01', '01', '3', 'D20PTDPT'),
(789, 'MUL14154', '-6087129444052328303', '-8491654358451605896', '01', '01', '3', 'D20PTDPT'),
(790, 'TEL1342', '-4878687680507462080', '-8024818158227434645', '01', '01', '3', 'D22-347'),
(791, 'TEL1345', '-6124304281783116520', '-5960706943547143160', '01', '01', '3', 'D22-359'),
(792, 'TEL1405', '-8245965399521852411', '-7338185264903791257', '01', '01', '3', 'D21-307'),
(793, 'TEL1406', '-7605935953146354930', '-5545899402465303635', '01', '01', '3', 'D21-313'),
(794, 'TEL1407', '-7176658033541973871', '-7866623342434039816', '01', '01', '3', 'D21-319'),
(795, 'TEL1412', '-6105557762206348875', '-6820285000726716518', '01', '01', '2', 'D21-325'),
(796, 'TEL1432', '-4818618342857259117', '-7217462980441664126', '01', '01', '2', 'D20VTVT1'),
(797, 'TEL1448', '-7531878995395249408', '-6846632072193304306', '01', '01', '3', 'D20VTHI1'),
(798, 'TEL1454', '-7003216562809958982', '-8921366066041114329', '01', '01', '2', 'D20VTHI2'),
(799, 'TEL1455', '-4666451160771400807', '-5968654268780687299', '01', '01', '2', 'D20VTMD2'),
(800, 'TEL1456', '-6759730698390286007', '-4936743812250596014', '01', '01', '3', 'D20VTMD1'),
(801, 'TEL1457', '-6857894279175571792', '-7569785069056055355', '01', '01', '3', 'D20VTHI1'),
(802, 'TEL1458', '-4886999810188610979', '-7708542159063337666', '01', '01', '3', 'D20VTMD2'),
(803, 'TEL1460', '-7697562704335293823', '-7772946994218534044', '01', '01', '3', 'D20VTHI2'),
(804, 'TEL1462', '-4671583916353624747', '-5247525350919076208', '01', '01', '3', 'D20VTVT2'),
(805, 'TEL1465', '-6466044013162192514', '-7429360972801279630', '01', '01', '3', 'D20VTVT1'),
(806, 'TEL1467', '-5567903929624298802', '-6753687790257844344', '01', '01', '3', 'D20VTHI2'),
(807, 'ELE1309', '-8751399477556614029', '-8616929204308359726', '02', '01', '3', 'D22-142'),
(808, 'ELE1309_CLC', '-7903523160668745555', '-8811579425408203077', '02', '01', '3', 'E22CQCN02-B'),
(809, 'ELE1310', '-4645690792292026578', '-5081900761643485941', '02', '01', '3', 'D22-155'),
(810, 'ELE1318', '-5417314374946647169', '-7555411790575887710', '02', '01', '3', 'D22-166'),
(811, 'ELE1428', '-8376273876951344181', '-5388910027219951659', '02', '01', '2', 'D21-048'),
(812, 'INT1303', '-5684026229157213963', '-7228844161606978470', '02', '01', '3', 'D21-089'),
(813, 'INT1306', '-4624270729055740129', '-5453045272345143145', '02', '01', '3', 'D22-210'),
(814, 'INT13129', '-8364126196308782458', '-6637301090432239533', '02', '01', '3', 'D22-229'),
(815, 'INT13134', '-7891939353233765066', '-4849542801170844595', '02', '01', '3', 'D21-107'),
(816, 'INT1336', '-5765918774269389277', '-7921568414717104013', '02', '01', '3', 'D22-251'),
(817, 'INT1344', '-4634332778230988909', '-8506043826735529251', '02', '01', '3', 'D21-156'),
(818, 'INT14102', '-9119226857569464613', '-6880764300708215248', '02', '01', '2', 'D20CQAT02-B'),
(819, 'INT14107', '-5247584417255672681', '-8770569290059394268', '02', '01', '3', 'D20CQAT02-B'),
(820, 'INT14136', '-5039859915222184439', '-6072480245139883157', '02', '01', '3', 'D21-160'),
(821, 'INT1429M', '-6986283060575073134', '-8420610307259073275', '02', '01', '2', 'D20CQAT01-B'),
(822, 'INT1434', '-7210441481211996880', '-6629558170837040421', '02', '01', '3', 'D21-177'),
(823, 'INT1434_CLC', '-7392563292923612685', '-7523656812398707442', '02', '01', '3', 'E21CQCN02-B'),
(824, 'INT1449', '-8233592674659560164', '-4990882779464260756', '02', '01', '3', 'D20CQAT01-B'),
(825, 'INT1472_CLC', '-5613522463174151800', '-8086703081971487782', '02', '01', '3', 'E21CQCN02-B'),
(826, 'INT1483', '-7304444215431826558', '-6464637804543003735', '02', '01', '3', 'D20CQAT02-B'),
(827, 'INT1484', '-7509777309029567944', '-5703409197697176902', '02', '01', '2', 'D21-197'),
(828, 'MUL14114', '-8580216610460669145', '-7927169305752517254', '02', '01', '3', 'D22-308'),
(829, 'TEL1342', '-7065752647834234926', '-8024818158227434645', '02', '01', '3', 'D22-348'),
(830, 'TEL1345', '-9199849986694467513', '-5960706943547143160', '02', '01', '3', 'D22-360'),
(831, 'TEL1405', '-5138446025288663656', '-7338185264903791257', '02', '01', '3', 'D21-308'),
(832, 'TEL1406', '-5491986198304497261', '-5545899402465303635', '02', '01', '3', 'D21-314'),
(833, 'TEL1407', '-6531113404786746719', '-7866623342434039816', '02', '01', '3', 'D21-320'),
(834, 'TEL1412', '-9167398934619721670', '-6820285000726716518', '02', '01', '2', 'D21-326'),
(835, 'TEL1432', '-7924755769184103387', '-7217462980441664126', '02', '01', '2', 'D20VTVT2'),
(836, 'TEL1448', '-6981500624767542433', '-6846632072193304306', '02', '01', '3', 'D20VTHI2'),
(837, 'TEL1454', '-7807932464303590573', '-8921366066041114329', '02', '01', '2', 'D20VTHI1'),
(838, 'TEL1455', '-4695521648938208681', '-5968654268780687299', '02', '01', '2', 'D20VTMD1'),
(839, 'TEL1456', '-5764522681036650431', '-4936743812250596014', '02', '01', '3', 'D20VTMD2'),
(840, 'TEL1457', '-6818357304413321359', '-7569785069056055355', '02', '01', '3', 'D20VTHI2'),
(841, 'TEL1458', '-7652979231362665852', '-7708542159063337666', '02', '01', '3', 'D20VTMD1'),
(842, 'TEL1460', '-5348276332268996167', '-7772946994218534044', '02', '01', '3', 'D20VTHI1'),
(843, 'TEL1462', '-6759300521446182134', '-5247525350919076208', '02', '01', '3', 'D20VTVT1'),
(844, 'TEL1465', '-7905629905620284328', '-7429360972801279630', '02', '01', '3', 'D20VTVT2'),
(845, 'TEL1467', '-5054001626539918688', '-6753687790257844344', '02', '01', '3', 'D20VTHI1'),
(846, 'ELE1309', '-8171158896676876123', '-8616929204308359726', '03', '01', '3', 'D22-143'),
(847, 'ELE1309_CLC', '-6324876288528441741', '-8811579425408203077', '03', '01', '3', 'E22CQCN04-B'),
(848, 'ELE1310', '-5032369090591769208', '-5081900761643485941', '03', '01', '3', 'D22-156'),
(849, 'ELE1318', '-6295493703773958270', '-7555411790575887710', '03', '01', '3', 'D22-167'),
(850, 'ELE1428', '-6151995044761008880', '-5388910027219951659', '03', '01', '2', 'D21-049'),
(851, 'INT1303', '-4779766531184671043', '-7228844161606978470', '03', '01', '3', 'D21-090'),
(852, 'INT1306', '-7217675627467801607', '-5453045272345143145', '03', '01', '3', 'D22-211'),
(853, 'INT1336', '-9221581438512695468', '-7921568414717104013', '03', '01', '3', 'D22-252'),
(854, 'INT1344', '-4845284155308200430', '-8506043826735529251', '03', '01', '3', 'D21-157'),
(855, 'INT14102', '-8871912050174843143', '-6880764300708215248', '03', '01', '2', 'D20CQAT03-B'),
(856, 'INT14107', '-7748497302359650460', '-8770569290059394268', '03', '01', '3', 'D20CQAT03-B'),
(857, 'INT1429M', '-5786149769461734011', '-8420610307259073275', '03', '01', '2', 'D20CQAT04-B'),
(858, 'INT1434', '-5644153314518765044', '-6629558170837040421', '03', '01', '3', 'D21-178'),
(859, 'INT1434_CLC', '-7448823609993772733', '-7523656812398707442', '03', '01', '3', 'E21CQCN03-B'),
(860, 'INT1449', '-6603680959886399133', '-4990882779464260756', '03', '01', '3', 'D20CQAT04-B'),
(861, 'INT1472_CLC', '-9051900828663907383', '-8086703081971487782', '03', '01', '3', 'E21CQCN03-B'),
(862, 'INT1483', '-8744142661059316954', '-6464637804543003735', '03', '01', '3', 'D20CQAT03-B'),
(863, 'INT1484', '-5369729616073366526', '-5703409197697176902', '03', '01', '2', 'D21-198'),
(864, 'TEL1342', '-6635600096261921297', '-8024818158227434645', '03', '01', '3', 'D22-349'),
(865, 'TEL1345', '-7850536811964505966', '-5960706943547143160', '03', '01', '3', 'D22-361'),
(866, 'TEL1405', '-6773353487534994317', '-7338185264903791257', '03', '01', '3', 'D21-309'),
(867, 'TEL1406', '-7169943018937926858', '-5545899402465303635', '03', '01', '3', 'D21-315'),
(868, 'TEL1407', '-9036999495180750194', '-7866623342434039816', '03', '01', '3', 'D21-321'),
(869, 'TEL1412', '-5811667692395439859', '-6820285000726716518', '03', '01', '2', 'D21-327'),
(870, 'TEL1448', '-8009644488313874832', '-6846632072193304306', '03', '01', '3', 'D20VTHI3'),
(871, 'TEL1454', '-5350346930769084387', '-8921366066041114329', '03', '01', '2', 'D20VTHI3'),
(872, 'TEL1455', '-5655773682878707898', '-5968654268780687299', '03', '01', '2', 'D20VTMD3'),
(873, 'TEL1456', '-5732959562096870237', '-4936743812250596014', '03', '01', '3', 'D20VTMD3'),
(874, 'TEL1457', '-7108106504240411003', '-7569785069056055355', '03', '01', '3', 'D20VTHI3'),
(875, 'TEL1458', '-7882934696199280985', '-7708542159063337666', '03', '01', '3', 'D20VTMD3'),
(876, 'TEL1460', '-8250645806563046336', '-7772946994218534044', '03', '01', '3', 'D20VTHI3'),
(877, 'TEL1467', '-5694793612556858966', '-6753687790257844344', '03', '01', '3', 'D20VTHI3'),
(878, 'ELE1309', '-8054353211316897411', '-8616929204308359726', '04', '01', '3', 'D22-144'),
(879, 'ELE1309_CLC', '-4788041598899314047', '-8811579425408203077', '04', '01', '3', 'E22CQCN03-B'),
(880, 'INT1303', '-7352231751361252799', '-7228844161606978470', '04', '01', '3', 'D21-091'),
(881, 'INT1306', '-7787504202914138110', '-5453045272345143145', '04', '01', '3', 'D22-212'),
(882, 'INT1336', '-7923881312523813173', '-7921568414717104013', '04', '01', '3', 'D22-253'),
(883, 'INT1344', '-7278762421922570509', '-8506043826735529251', '04', '01', '3', 'D21-158'),
(884, 'INT14102', '-6797695339709876919', '-6880764300708215248', '04', '01', '2', 'D20CQAT04-B'),
(885, 'INT14107', '-5518979954323702271', '-8770569290059394268', '04', '01', '3', 'D20CQAT04-B'),
(886, 'INT1429M', '-6007495384975534621', '-8420610307259073275', '04', '01', '2', 'D20CQAT03-B'),
(887, 'INT1434', '-7042962208893774501', '-6629558170837040421', '04', '01', '3', 'D21-179'),
(888, 'INT1434_CLC', '-8033756626075494531', '-7523656812398707442', '04', '01', '3', 'E21CQCN04-B'),
(889, 'INT1449', '-9088797978429060862', '-4990882779464260756', '04', '01', '3', 'D20CQAT03-B'),
(890, 'INT1472_CLC', '-5812058053394662996', '-8086703081971487782', '04', '01', '3', 'E21CQCN04-B'),
(891, 'INT1483', '-6975040556430669730', '-6464637804543003735', '04', '01', '3', 'D20CQAT04-B'),
(892, 'INT1484', '-6811550109814816342', '-5703409197697176902', '04', '01', '2', 'D21-199'),
(893, 'TEL1342', '-5337271167828152576', '-8024818158227434645', '04', '01', '3', 'D22-350'),
(894, 'TEL1345', '-9129799192356447006', '-5960706943547143160', '04', '01', '3', 'D22-362'),
(895, 'TEL1405', '-7570731342247594866', '-7338185264903791257', '04', '01', '3', 'D21-310'),
(896, 'TEL1406', '-8793836308627113304', '-5545899402465303635', '04', '01', '3', 'D21-316'),
(897, 'TEL1407', '-7401712979880646689', '-7866623342434039816', '04', '01', '3', 'D21-322'),
(898, 'TEL1412', '-4924934260940316977', '-6820285000726716518', '04', '01', '2', 'D21-328'),
(899, 'TEL1448', '-7905592930569171287', '-6846632072193304306', '04', '01', '3', 'D20VTMD2'),
(900, 'TEL1456', '-7400030605330301848', '-4936743812250596014', '04', '01', '3', 'D20VTVT2'),
(901, 'TEL1458', '-6282730212973842954', '-7708542159063337666', '04', '01', '3', 'D20VTVT2'),
(902, 'ELE1309', '-7447641491693499631', '-8616929204308359726', '05', '01', '3', 'D22-145'),
(903, 'ELE1309_CLC', '-8534372542343260818', '-8811579425408203077', '05', '01', '3', 'E22CQCN05-B'),
(904, 'INT1303', '-5893661490287225582', '-7228844161606978470', '05', '01', '3', 'D21-092'),
(905, 'INT1306', '-9193606694416327208', '-5453045272345143145', '05', '01', '3', 'D21-098'),
(906, 'INT1434', '-4814502194794164400', '-6629558170837040421', '05', '01', '3', 'D21-180'),
(907, 'INT1434_CLC', '-6473902747704327563', '-7523656812398707442', '05', '01', '3', 'E21CQCN05-B'),
(908, 'INT1449', '-6520610740464838696', '-4990882779464260756', '05', '01', '3', 'D20CNPM2'),
(909, 'INT1472_CLC', '-5955121394008444130', '-8086703081971487782', '05', '01', '3', 'E21CQCN05-B'),
(910, 'TEL1342', '-7952526029531661254', '-8024818158227434645', '05', '01', '3', 'D22-351'),
(911, 'TEL1345', '-6932102545486502733', '-5960706943547143160', '05', '01', '3', 'D22-363'),
(912, 'TEL1405', '-4962512024050421754', '-7338185264903791257', '05', '01', '3', 'D21-311'),
(913, 'TEL1406', '-4617781843589112327', '-5545899402465303635', '05', '01', '3', 'D21-317'),
(914, 'TEL1407', '-5916419081836626613', '-7866623342434039816', '05', '01', '3', 'D21-323'),
(915, 'TEL1412', '-8015775264163740628', '-6820285000726716518', '05', '01', '2', 'D21-329'),
(916, 'TEL1448', '-7369494304080658301', '-6846632072193304306', '05', '01', '3', 'D20VTMD1'),
(917, 'TEL1456', '-6073888211464019966', '-4936743812250596014', '05', '01', '3', 'D20VTVT1'),
(918, 'TEL1458', '-6387154968488351048', '-7708542159063337666', '05', '01', '3', 'D20VTVT1'),
(919, 'ELE1309', '-9092949310559038391', '-8616929204308359726', '06', '01', '3', 'D22-146'),
(920, 'INT1303', '-7852102049787369221', '-7228844161606978470', '06', '01', '3', 'D21-093'),
(921, 'INT1306', '-6629525978119472997', '-5453045272345143145', '06', '01', '3', 'D21-099'),
(922, 'INT1434', '-7705251164009301120', '-6629558170837040421', '06', '01', '3', 'D21-181'),
(923, 'INT1449', '-8357819355790614997', '-4990882779464260756', '06', '01', '3', 'D20CNPM1'),
(924, 'TEL1342', '-8397349904316488031', '-8024818158227434645', '06', '01', '3', 'D22-352'),
(925, 'TEL1345', '-5149206782790810170', '-5960706943547143160', '06', '01', '3', 'D22-364'),
(926, 'TEL1405', '-7004622423014572565', '-7338185264903791257', '06', '01', '3', 'D21-312'),
(927, 'TEL1406', '-8720548352184078876', '-5545899402465303635', '06', '01', '3', 'D21-318'),
(928, 'TEL1407', '-7269690180892899891', '-7866623342434039816', '06', '01', '3', 'D21-324'),
(929, 'TEL1412', '-5887076501637515171', '-6820285000726716518', '06', '01', '2', 'D21-330'),
(930, 'TEL1448', '-9114705215199827339', '-6846632072193304306', '06', '01', '3', 'D20VTMD3'),
(931, 'ELE1309', '-6814402806499285873', '-8616929204308359726', '07', '01', '3', 'D22-147'),
(932, 'INT1303', '-7984126112448602553', '-7228844161606978470', '07', '01', '3', 'D21-094'),
(933, 'INT1306', '-8275133211967657524', '-5453045272345143145', '07', '01', '3', 'D22-213'),
(934, 'INT1434', '-7217963228035062001', '-6629558170837040421', '07', '01', '3', 'D21-182'),
(935, 'INT1449', '-7626173990266727192', '-4990882779464260756', '07', '01', '3', 'D20CNPM4'),
(936, 'ELE1309', '-6649800957435130444', '-8616929204308359726', '08', '01', '3', 'D22-148'),
(937, 'INT1303', '-6178829010714068152', '-7228844161606978470', '08', '01', '3', 'D21-095'),
(938, 'INT1306', '-4787041644957132225', '-5453045272345143145', '08', '01', '3', 'D21-100'),
(939, 'INT1434', '-8931300953980988134', '-6629558170837040421', '08', '01', '3', 'D21-183'),
(940, 'INT1449', '-7465232754160893078', '-4990882779464260756', '08', '01', '3', 'D20CNPM3'),
(941, 'INT1303', '-6603614970571210899', '-7228844161606978470', '09', '01', '3', 'D21-096'),
(942, 'INT1306', '-4697494161884865785', '-5453045272345143145', '09', '01', '3', 'D22-214'),
(943, 'INT1434', '-9182650337769117163', '-6629558170837040421', '09', '01', '3', 'D21-184'),
(944, 'INT1449', '-8338207686357608181', '-4990882779464260756', '09', '01', '3', 'D20CNPM6'),
(945, 'INT1303', '-6403157732019836618', '-7228844161606978470', '10', '01', '3', 'D21-097'),
(946, 'INT1306', '-8150110056376883669', '-5453045272345143145', '10', '01', '3', 'D22-215'),
(947, 'INT1434', '-6889267072256404206', '-6629558170837040421', '10', '01', '3', 'D21-185'),
(948, 'INT1449', '-5541820758761755251', '-4990882779464260756', '10', '01', '3', 'D20CNPM5'),
(949, 'INT1306', '-7252808840616481950', '-5453045272345143145', '11', '01', '3', 'D22-216'),
(950, 'INT1306', '-6262004602021012314', '-5453045272345143145', '12', '01', '3', 'D22-217'),
(951, 'INT1306', '-7033411435283065232', '-5453045272345143145', '13', '01', '3', 'D22-218'),
(952, 'INT1306', '-4828885476458702989', '-5453045272345143145', '14', '01', '3', 'D22-219'),
(953, 'INT1306', '-6084394371448381606', '-5453045272345143145', '15', '01', '3', 'D22-220'),
(954, 'INT1306', '-8707578822259396227', '-5453045272345143145', '16', '01', '3', 'D22-221'),
(955, 'INT1306', '-5085032625624302283', '-5453045272345143145', '17', '01', '3', 'D22-222'),
(956, 'INT1306', '-7113801801850007216', '-5453045272345143145', '18', '01', '3', 'D22-223'),
(957, 'INT1306', '-6244275526242196358', '-5453045272345143145', '19', '01', '3', 'D22-224'),
(958, 'INT1306', '-7875475867610683093', '-5453045272345143145', '20', '01', '3', 'D22-225'),
(959, 'ELE1309', '-5767947302308637898', '-8616929204308359726', '01', '02', '3', 'D22-141'),
(960, 'ELE1310', '-6042550707480046661', '-5081900761643485941', '01', '02', '3', 'D22-154'),
(961, 'ELE1318', '-4837969380411512195', '-7555411790575887710', '01', '02', '3', 'D22-165'),
(962, 'ELE1428', '-9145969592756814612', '-5388910027219951659', '01', '02', '2', 'D21-047'),
(963, 'INT1303', '-5303707648023973639', '-7228844161606978470', '01', '02', '3', 'D21-088'),
(964, 'INT1306', '-7951970955049240946', '-5453045272345143145', '01', '02', '3', 'D22-209'),
(965, 'INT13110', '-7885330806319468058', '-8551306570735425054', '01', '02', '3', 'D21-101'),
(966, 'INT13111', '-6186406902803103567', '-7798702034939075695', '01', '02', '3', 'D21-102'),
(967, 'INT13129', '-7196993367649504867', '-6637301090432239533', '01', '02', '3', 'D22-228'),
(968, 'INT1313', '-5963132435515093027', '-4823917281357652744', '01', '02', '3', 'D21-105'),
(969, 'INT13134', '-5144843772095759260', '-4849542801170844595', '01', '02', '3', 'D21-106'),
(970, 'INT1336', '-7520828965762630107', '-7921568414717104013', '01', '02', '3', 'D22-250'),
(971, 'INT1344', '-5699378015622370633', '-8506043826735529251', '01', '02', '3', 'D21-155'),
(972, 'INT14102', '-4898576396205612594', '-6880764300708215248', '01', '02', '2', 'D20CQAT01-B'),
(973, 'INT14107', '-8021091698754027513', '-8770569290059394268', '01', '02', '3', 'D20CQAT01-B'),
(974, 'INT14136', '-7573901583068768951', '-6072480245139883157', '01', '02', '3', 'D21-159'),
(975, 'INT14165', '-8124584643514157556', '-9168259241436650434', '01', '02', '3', 'D20PTDPT'),
(976, 'INT1429M', '-7380097000371908916', '-8420610307259073275', '01', '02', '2', 'D20CQAT02-B'),
(977, 'INT1434', '-8944680244615086989', '-6629558170837040421', '01', '02', '3', 'D21-176'),
(978, 'INT1449', '-8253407859911086705', '-4990882779464260756', '01', '02', '3', 'D20CQAT02-B'),
(979, 'INT1483', '-6772975933242632021', '-6464637804543003735', '01', '02', '3', 'D20CQAT01-B'),
(980, 'INT1484', '-6779109069548308583', '-5703409197697176902', '01', '02', '2', 'D21-196'),
(981, 'MUL14114', '-8991966251179699665', '-7927169305752517254', '01', '02', '3', 'D22-307'),
(982, 'MUL14130', '-5003653305509282347', '-8419461008687493232', '01', '02', '3', 'D20PTDPT'),
(983, 'MUL14154', '-5760798440511643729', '-8491654358451605896', '01', '02', '3', 'D20PTDPT'),
(984, 'TEL1342', '-6224748950060679926', '-8024818158227434645', '01', '02', '3', 'D22-347'),
(985, 'TEL1345', '-8349794917835388475', '-5960706943547143160', '01', '02', '3', 'D22-359'),
(986, 'TEL1405', '-5012910251036532510', '-7338185264903791257', '01', '02', '3', 'D21-307'),
(987, 'TEL1406', '-7398270748719741710', '-5545899402465303635', '01', '02', '3', 'D21-313'),
(988, 'TEL1407', '-8395628716953650696', '-7866623342434039816', '01', '02', '3', 'D21-319'),
(989, 'TEL1412', '-6510305828031368998', '-6820285000726716518', '01', '02', '2', 'D21-325'),
(990, 'TEL1432', '-8975741680643501639', '-7217462980441664126', '01', '02', '2', 'D20VTVT1'),
(991, 'TEL1448', '-8110981841088378142', '-6846632072193304306', '01', '02', '3', 'D20VTHI1'),
(992, 'TEL1454', '-6173712483352790747', '-8921366066041114329', '01', '02', '2', 'D20VTHI2'),
(993, 'TEL1455', '-9192180512626637253', '-5968654268780687299', '01', '02', '2', 'D20VTMD2'),
(994, 'TEL1456', '-8264908411997572381', '-4936743812250596014', '01', '02', '3', 'D20VTMD1'),
(995, 'TEL1457', '-8872475275313684429', '-7569785069056055355', '01', '02', '3', 'D20VTHI1'),
(996, 'TEL1458', '-7050400015167591455', '-7708542159063337666', '01', '02', '3', 'D20VTMD2'),
(997, 'TEL1460', '-8260233374108639601', '-7772946994218534044', '01', '02', '3', 'D20VTHI2'),
(998, 'TEL1462', '-7539828567388213335', '-5247525350919076208', '01', '02', '3', 'D20VTVT2'),
(999, 'TEL1465', '-6573642665624401991', '-7429360972801279630', '01', '02', '3', 'D20VTVT1'),
(1000, 'TEL1467', '-8955802965502199853', '-6753687790257844344', '01', '02', '3', 'D20VTHI2'),
(1001, 'ELE1309', '-8894066832581674380', '-8616929204308359726', '02', '02', '3', 'D22-142'),
(1002, 'ELE1310', '-5658093376111768472', '-5081900761643485941', '02', '02', '3', 'D22-155'),
(1003, 'ELE1318', '-5737413858418522636', '-7555411790575887710', '02', '02', '3', 'D22-166'),
(1004, 'ELE1428', '-8334449685864701735', '-5388910027219951659', '02', '02', '2', 'D21-048'),
(1005, 'INT1303', '-4975877341394053236', '-7228844161606978470', '02', '02', '3', 'D21-089'),
(1006, 'INT1306', '-6570230799637724317', '-5453045272345143145', '02', '02', '3', 'D22-210'),
(1007, 'INT13129', '-6959361827297068825', '-6637301090432239533', '02', '02', '3', 'D22-229'),
(1008, 'INT13134', '-6811748357626958426', '-4849542801170844595', '02', '02', '3', 'D21-107'),
(1009, 'INT1336', '-7816569350065005669', '-7921568414717104013', '02', '02', '3', 'D22-251'),
(1010, 'INT1344', '-7979538737466566976', '-8506043826735529251', '02', '02', '3', 'D21-156'),
(1011, 'INT14102', '-7931138625844581134', '-6880764300708215248', '02', '02', '2', 'D20CQAT02-B'),
(1012, 'INT14107', '-8054797774627729606', '-8770569290059394268', '02', '02', '3', 'D20CQAT02-B'),
(1013, 'INT14136', '-6112531004556148366', '-6072480245139883157', '02', '02', '3', 'D21-160'),
(1014, 'INT1429M', '-8206041417710682784', '-8420610307259073275', '02', '02', '2', 'D20CQAT01-B'),
(1015, 'INT1434', '-7747047192550977297', '-6629558170837040421', '02', '02', '3', 'D21-177'),
(1016, 'INT1449', '-8897939798589682934', '-4990882779464260756', '02', '02', '3', 'D20CQAT01-B'),
(1017, 'INT1483', '-7072309872671123898', '-6464637804543003735', '02', '02', '3', 'D20CQAT02-B'),
(1018, 'INT1484', '-6453986708836327325', '-5703409197697176902', '02', '02', '2', 'D21-197'),
(1019, 'MUL14114', '-5634927914057992755', '-7927169305752517254', '02', '02', '3', 'D22-308'),
(1020, 'TEL1342', '-8703391636695309210', '-8024818158227434645', '02', '02', '3', 'D22-348'),
(1021, 'TEL1345', '-7183810268424839322', '-5960706943547143160', '02', '02', '3', 'D22-360'),
(1022, 'TEL1405', '-7450062857618030982', '-7338185264903791257', '02', '02', '3', 'D21-308'),
(1023, 'TEL1406', '-9037663397544480781', '-5545899402465303635', '02', '02', '3', 'D21-314'),
(1024, 'TEL1407', '-5790265717239511591', '-7866623342434039816', '02', '02', '3', 'D21-320'),
(1025, 'TEL1412', '-6520217190752865882', '-6820285000726716518', '02', '02', '2', 'D21-326'),
(1026, 'TEL1432', '-5806913225268791772', '-7217462980441664126', '02', '02', '2', 'D20VTVT2'),
(1027, 'TEL1448', '-8880975130877349179', '-6846632072193304306', '02', '02', '3', 'D20VTHI2'),
(1028, 'TEL1454', '-8426567897718506060', '-8921366066041114329', '02', '02', '2', 'D20VTHI1'),
(1029, 'TEL1455', '-5170283191439879115', '-5968654268780687299', '02', '02', '2', 'D20VTMD1'),
(1030, 'TEL1456', '-5906178874222678690', '-4936743812250596014', '02', '02', '3', 'D20VTMD2'),
(1031, 'TEL1457', '-9052294382840386698', '-7569785069056055355', '02', '02', '3', 'D20VTHI2'),
(1032, 'TEL1458', '-7827584750746647936', '-7708542159063337666', '02', '02', '3', 'D20VTMD1'),
(1033, 'TEL1460', '-5618573551882689829', '-7772946994218534044', '02', '02', '3', 'D20VTHI1'),
(1034, 'TEL1462', '-6648119704200803074', '-5247525350919076208', '02', '02', '3', 'D20VTVT1'),
(1035, 'TEL1465', '-5166083673941452819', '-7429360972801279630', '02', '02', '3', 'D20VTVT2'),
(1036, 'TEL1467', '-5116083196328541107', '-6753687790257844344', '02', '02', '3', 'D20VTHI1'),
(1037, 'ELE1309', '-7671654643045431561', '-8616929204308359726', '03', '02', '3', 'D22-143'),
(1038, 'ELE1309_CLC', '-8967887265715524187', '-8811579425408203077', '03', '02', '3', 'E22CQCN04-B'),
(1039, 'ELE1310', '-5653732126276766227', '-5081900761643485941', '03', '02', '3', 'D22-156'),
(1040, 'ELE1318', '-5944528928472879069', '-7555411790575887710', '03', '02', '3', 'D22-167'),
(1041, 'ELE1428', '-8117563873438678666', '-5388910027219951659', '03', '02', '2', 'D21-049'),
(1042, 'INT1303', '-5841558323658014063', '-7228844161606978470', '03', '02', '3', 'D21-090'),
(1043, 'INT1306', '-5522564610036827855', '-5453045272345143145', '03', '02', '3', 'D22-211'),
(1044, 'INT1336', '-4854400990565493487', '-7921568414717104013', '03', '02', '3', 'D22-252'),
(1045, 'INT1344', '-5997567822200045966', '-8506043826735529251', '03', '02', '3', 'D21-157'),
(1046, 'INT14102', '-7241286217301751616', '-6880764300708215248', '03', '02', '2', 'D20CQAT03-B'),
(1047, 'INT14107', '-7263247800027464884', '-8770569290059394268', '03', '02', '3', 'D20CQAT03-B'),
(1048, 'INT1429M', '-6344254613040028562', '-8420610307259073275', '03', '02', '2', 'D20CQAT04-B'),
(1049, 'INT1434', '-7701522483681107024', '-6629558170837040421', '03', '02', '3', 'D21-178'),
(1050, 'INT1449', '-8649294097544733247', '-4990882779464260756', '03', '02', '3', 'D20CQAT04-B'),
(1051, 'INT1483', '-4644569226442259115', '-6464637804543003735', '03', '02', '3', 'D20CQAT03-B'),
(1052, 'INT1484', '-5199549966224969655', '-5703409197697176902', '03', '02', '2', 'D21-198'),
(1053, 'TEL1342', '-4842215439381989174', '-8024818158227434645', '03', '02', '3', 'D22-349'),
(1054, 'TEL1345', '-7055503390499503223', '-5960706943547143160', '03', '02', '3', 'D22-361'),
(1055, 'TEL1405', '-6502927334509891886', '-7338185264903791257', '03', '02', '3', 'D21-309'),
(1056, 'TEL1406', '-9021100532756014066', '-5545899402465303635', '03', '02', '3', 'D21-315'),
(1057, 'TEL1407', '-8893963466600492532', '-7866623342434039816', '03', '02', '3', 'D21-321'),
(1058, 'TEL1412', '-8013738579553010849', '-6820285000726716518', '03', '02', '2', 'D21-327'),
(1059, 'TEL1448', '-4747236342298756106', '-6846632072193304306', '03', '02', '3', 'D20VTHI3'),
(1060, 'TEL1454', '-6434108036734605198', '-8921366066041114329', '03', '02', '2', 'D20VTHI3'),
(1061, 'TEL1455', '-7906950170745893271', '-5968654268780687299', '03', '02', '2', 'D20VTMD3'),
(1062, 'TEL1456', '-6145862660702484289', '-4936743812250596014', '03', '02', '3', 'D20VTMD3'),
(1063, 'TEL1457', '-5739018093454362832', '-7569785069056055355', '03', '02', '3', 'D20VTHI3'),
(1064, 'TEL1458', '-6292495230451053050', '-7708542159063337666', '03', '02', '3', 'D20VTMD3'),
(1065, 'TEL1460', '-7335419651450430995', '-7772946994218534044', '03', '02', '3', 'D20VTHI3'),
(1066, 'TEL1467', '-4897455390091249508', '-6753687790257844344', '03', '02', '3', 'D20VTHI3'),
(1067, 'ELE1309', '-6316352926674757928', '-8616929204308359726', '04', '02', '3', 'D22-144'),
(1068, 'INT1303', '-7792938678541846121', '-7228844161606978470', '04', '02', '3', 'D21-091'),
(1069, 'INT1306', '-9039590873244322304', '-5453045272345143145', '04', '02', '3', 'D22-212'),
(1070, 'INT1336', '-7144362039827353659', '-7921568414717104013', '04', '02', '3', 'D22-253'),
(1071, 'INT1344', '-5661348897572760470', '-8506043826735529251', '04', '02', '3', 'D21-158'),
(1072, 'INT14102', '-6161945722492005703', '-6880764300708215248', '04', '02', '2', 'D20CQAT04-B'),
(1073, 'INT14107', '-7657490347711290916', '-8770569290059394268', '04', '02', '3', 'D20CQAT04-B'),
(1074, 'INT1429M', '-7024603946179892375', '-8420610307259073275', '04', '02', '2', 'D20CQAT03-B'),
(1075, 'INT1434', '-6618340842421484707', '-6629558170837040421', '04', '02', '3', 'D21-179'),
(1076, 'INT1449', '-6693394538702397844', '-4990882779464260756', '04', '02', '3', 'D20CQAT03-B'),
(1077, 'INT1483', '-5844860323546758895', '-6464637804543003735', '04', '02', '3', 'D20CQAT04-B'),
(1078, 'INT1484', '-9014262905520870522', '-5703409197697176902', '04', '02', '2', 'D21-199'),
(1079, 'TEL1342', '-8586515526382815263', '-8024818158227434645', '04', '02', '3', 'D22-350'),
(1080, 'TEL1345', '-5887231870237542324', '-5960706943547143160', '04', '02', '3', 'D22-362'),
(1081, 'TEL1405', '-7247333934250875715', '-7338185264903791257', '04', '02', '3', 'D21-310'),
(1082, 'TEL1406', '-5819381213062031633', '-5545899402465303635', '04', '02', '3', 'D21-316'),
(1083, 'TEL1407', '-6138863809925133198', '-7866623342434039816', '04', '02', '3', 'D21-322'),
(1084, 'TEL1412', '-6233982950907576611', '-6820285000726716518', '04', '02', '2', 'D21-328'),
(1085, 'TEL1448', '-6705160847332841175', '-6846632072193304306', '04', '02', '3', 'D20VTMD2'),
(1086, 'TEL1456', '-5940921246852094635', '-4936743812250596014', '04', '02', '3', 'D20VTVT2'),
(1087, 'TEL1458', '-6825161169587709086', '-7708542159063337666', '04', '02', '3', 'D20VTVT2'),
(1088, 'ELE1309', '-5793619055284968077', '-8616929204308359726', '05', '02', '3', 'D22-145');
INSERT INTO `ds_nhom_to` (`id`, `ma_mon`, `id_to_hoc`, `id_mon`, `group_number`, `team_number`, `so_tc`, `ds_lop`) VALUES
(1089, 'ELE1309_CLC', '-4869798158822461337', '-8811579425408203077', '05', '02', '3', 'E22CQCN05-B'),
(1090, 'INT1303', '-6597996222921354515', '-7228844161606978470', '05', '02', '3', 'D21-092'),
(1091, 'INT1306', '-6071641576095948169', '-5453045272345143145', '05', '02', '3', 'D21-098'),
(1092, 'INT1434', '-7151552197564135760', '-6629558170837040421', '05', '02', '3', 'D21-180'),
(1093, 'INT1434_CLC', '-5668887742835099627', '-7523656812398707442', '05', '02', '3', 'E21CQCN05-B'),
(1094, 'INT1449', '-9015954408083574682', '-4990882779464260756', '05', '02', '3', 'D20CNPM2'),
(1095, 'INT1472_CLC', '-7533235475889086947', '-8086703081971487782', '05', '02', '3', 'E21CQCN05-B'),
(1096, 'TEL1342', '-9009508160647797333', '-8024818158227434645', '05', '02', '3', 'D22-351'),
(1097, 'TEL1345', '-4653614657331339637', '-5960706943547143160', '05', '02', '3', 'D22-363'),
(1098, 'TEL1405', '-5235122492617185770', '-7338185264903791257', '05', '02', '3', 'D21-311'),
(1099, 'TEL1406', '-6300459843071647554', '-5545899402465303635', '05', '02', '3', 'D21-317'),
(1100, 'TEL1407', '-5684394099934433989', '-7866623342434039816', '05', '02', '3', 'D21-323'),
(1101, 'TEL1412', '-4887343221351924097', '-6820285000726716518', '05', '02', '2', 'D21-329'),
(1102, 'TEL1448', '-8107440132524243937', '-6846632072193304306', '05', '02', '3', 'D20VTMD1'),
(1103, 'TEL1456', '-8655466639460902687', '-4936743812250596014', '05', '02', '3', 'D20VTVT1'),
(1104, 'TEL1458', '-5075372538527192482', '-7708542159063337666', '05', '02', '3', 'D20VTVT1'),
(1105, 'ELE1309', '-6662147921527898539', '-8616929204308359726', '06', '02', '3', 'D22-146'),
(1106, 'INT1303', '-8739346288824127330', '-7228844161606978470', '06', '02', '3', 'D21-093'),
(1107, 'INT1306', '-5803681966974872539', '-5453045272345143145', '06', '02', '3', 'D21-099'),
(1108, 'INT1434', '-8347541262785373221', '-6629558170837040421', '06', '02', '3', 'D21-181'),
(1109, 'INT1449', '-6797376860602971569', '-4990882779464260756', '06', '02', '3', 'D20CNPM1'),
(1110, 'TEL1342', '-8266183445598743333', '-8024818158227434645', '06', '02', '3', 'D22-352'),
(1111, 'TEL1345', '-5786597917712041939', '-5960706943547143160', '06', '02', '3', 'D22-364'),
(1112, 'TEL1405', '-7960789310684737552', '-7338185264903791257', '06', '02', '3', 'D21-312'),
(1113, 'TEL1406', '-8836290632699165578', '-5545899402465303635', '06', '02', '3', 'D21-318'),
(1114, 'TEL1407', '-8603054348242623124', '-7866623342434039816', '06', '02', '3', 'D21-324'),
(1115, 'TEL1412', '-8552211078074240378', '-6820285000726716518', '06', '02', '2', 'D21-330'),
(1116, 'TEL1448', '-9191578502558950947', '-6846632072193304306', '06', '02', '3', 'D20VTMD3'),
(1117, 'ELE1309', '-6093988257119049659', '-8616929204308359726', '07', '02', '3', 'D22-147'),
(1118, 'INT1303', '-8857902013259675070', '-7228844161606978470', '07', '02', '3', 'D21-094'),
(1119, 'INT1306', '-8490302476738372852', '-5453045272345143145', '07', '02', '3', 'D22-213'),
(1120, 'INT1434', '-8832989347457182118', '-6629558170837040421', '07', '02', '3', 'D21-182'),
(1121, 'INT1449', '-6958388952475437114', '-4990882779464260756', '07', '02', '3', 'D20CNPM4'),
(1122, 'ELE1309', '-5218075837437850874', '-8616929204308359726', '08', '02', '3', 'D22-148'),
(1123, 'INT1303', '-6002026131398854932', '-7228844161606978470', '08', '02', '3', 'D21-095'),
(1124, 'INT1306', '-5940581093989727443', '-5453045272345143145', '08', '02', '3', 'D21-100'),
(1125, 'INT1434', '-7131768229900281584', '-6629558170837040421', '08', '02', '3', 'D21-183'),
(1126, 'INT1449', '-6224667744999622379', '-4990882779464260756', '08', '02', '3', 'D20CNPM3'),
(1127, 'INT1303', '-8129587318368054410', '-7228844161606978470', '09', '02', '3', 'D21-096'),
(1128, 'INT1306', '-7130240737241783678', '-5453045272345143145', '09', '02', '3', 'D22-214'),
(1129, 'INT1434', '-4743314144553664783', '-6629558170837040421', '09', '02', '3', 'D21-184'),
(1130, 'INT1449', '-7281632294213087056', '-4990882779464260756', '09', '02', '3', 'D20CNPM6'),
(1131, 'INT1303', '-6306620456547560436', '-7228844161606978470', '10', '02', '3', '*'),
(1132, 'INT1306', '-5628952066682817941', '-5453045272345143145', '10', '02', '3', 'D22-215'),
(1133, 'INT1434', '-6917716977110721836', '-6629558170837040421', '10', '02', '3', 'D21-185'),
(1134, 'INT1449', '-8070936708562745061', '-4990882779464260756', '10', '02', '3', 'D20CNPM5'),
(1135, 'INT1306', '-8165361255682401953', '-5453045272345143145', '11', '02', '3', 'D22-216'),
(1136, 'INT1306', '-6539630851242112021', '-5453045272345143145', '12', '02', '3', 'D22-217'),
(1137, 'INT1306', '-6580486604053605821', '-5453045272345143145', '13', '02', '3', 'D22-218'),
(1138, 'INT1306', '-4720379997414414363', '-5453045272345143145', '14', '02', '3', 'D22-219'),
(1139, 'INT1306', '-5441658146596276330', '-5453045272345143145', '15', '02', '3', 'D22-220'),
(1140, 'INT1306', '-5323198932451332432', '-5453045272345143145', '16', '02', '3', 'D22-221'),
(1141, 'INT1306', '-6062779131890617483', '-5453045272345143145', '17', '02', '3', 'D22-222'),
(1142, 'INT1306', '-6986515786914642510', '-5453045272345143145', '18', '02', '3', 'D22-223'),
(1143, 'INT1306', '-5296535028229935545', '-5453045272345143145', '19', '02', '3', 'D22-224'),
(1144, 'INT1306', '-7259408218398001612', '-5453045272345143145', '20', '02', '3', 'D22-225'),
(1145, 'ELE1309', '-7965493457906525184', '-8616929204308359726', '01', '03', '3', 'D22-141'),
(1146, 'ELE1310', '-5871738057886688979', '-5081900761643485941', '01', '03', '3', 'D22-154'),
(1147, 'ELE1318', '-6394503568585451357', '-7555411790575887710', '01', '03', '3', 'D22-165'),
(1148, 'ELE1428', '-5815975051431063956', '-5388910027219951659', '01', '03', '2', 'D21-047'),
(1149, 'INT1306', '-8850600270414368103', '-5453045272345143145', '01', '03', '3', 'D22-209'),
(1150, 'TEL1345', '-5256997331567041325', '-5960706943547143160', '01', '03', '3', 'D22-359'),
(1151, 'TEL1405', '-5623615678148685403', '-7338185264903791257', '01', '03', '3', 'D21-307'),
(1152, 'TEL1406', '-5760914207494773244', '-5545899402465303635', '01', '03', '3', 'D21-313'),
(1153, 'TEL1407', '-6877501491203653196', '-7866623342434039816', '01', '03', '3', 'D21-319'),
(1154, 'TEL1412', '-8443929451236907212', '-6820285000726716518', '01', '03', '2', 'D21-325'),
(1155, 'ELE1309', '-8840328067830855839', '-8616929204308359726', '02', '03', '3', 'D22-142'),
(1156, 'ELE1310', '-4999936490743242497', '-5081900761643485941', '02', '03', '3', 'D22-155'),
(1157, 'ELE1318', '-8902337104346575848', '-7555411790575887710', '02', '03', '3', 'D22-166'),
(1158, 'ELE1428', '-6338081688655167514', '-5388910027219951659', '02', '03', '2', 'D21-048'),
(1159, 'INT1306', '-8088145003969082218', '-5453045272345143145', '02', '03', '3', 'D22-210'),
(1160, 'TEL1345', '-4949689831366628483', '-5960706943547143160', '02', '03', '3', 'D22-360'),
(1161, 'TEL1405', '-6489790673046984113', '-7338185264903791257', '02', '03', '3', 'D21-308'),
(1162, 'TEL1406', '-7389447493379905755', '-5545899402465303635', '02', '03', '3', 'D21-314'),
(1163, 'TEL1407', '-8748104444153314557', '-7866623342434039816', '02', '03', '3', 'D21-320'),
(1164, 'TEL1412', '-4823784080238230317', '-6820285000726716518', '02', '03', '2', 'D21-326'),
(1165, 'ELE1309', '-4919727551726044243', '-8616929204308359726', '03', '03', '3', 'D22-143'),
(1166, 'ELE1310', '-8452068519465880518', '-5081900761643485941', '03', '03', '3', 'D22-156'),
(1167, 'ELE1318', '-8776207652746634657', '-7555411790575887710', '03', '03', '3', 'D22-167'),
(1168, 'ELE1428', '-8509501453193364577', '-5388910027219951659', '03', '03', '2', 'D21-049'),
(1169, 'INT1306', '-6711764302624361055', '-5453045272345143145', '03', '03', '3', 'D22-211'),
(1170, 'TEL1345', '-5954096084491235915', '-5960706943547143160', '03', '03', '3', 'D22-361'),
(1171, 'TEL1406', '-7082733949512959571', '-5545899402465303635', '03', '03', '3', 'D21-315'),
(1172, 'TEL1407', '-4687629378516170990', '-7866623342434039816', '03', '03', '3', 'D21-321'),
(1173, 'TEL1412', '-7637783867102485678', '-6820285000726716518', '03', '03', '2', 'D21-327'),
(1174, 'ELE1309', '-6188313938423961665', '-8616929204308359726', '04', '03', '3', 'D22-144'),
(1175, 'INT1306', '-8685266623200542866', '-5453045272345143145', '04', '03', '3', 'D22-212'),
(1176, 'TEL1345', '-6599464198929410273', '-5960706943547143160', '04', '03', '3', 'D22-362'),
(1177, 'TEL1406', '-6244912474936509610', '-5545899402465303635', '04', '03', '3', 'D21-316'),
(1178, 'TEL1407', '-9074275138795231321', '-7866623342434039816', '04', '03', '3', 'D21-322'),
(1179, 'TEL1412', '-4877249412289116597', '-6820285000726716518', '04', '03', '2', 'D21-328'),
(1180, 'ELE1309', '-9134111907304418453', '-8616929204308359726', '05', '03', '3', 'D22-145'),
(1181, 'INT1306', '-8410531075463240594', '-5453045272345143145', '05', '03', '3', 'D21-098'),
(1182, 'TEL1345', '-8828910600203840902', '-5960706943547143160', '05', '03', '3', 'D22-363'),
(1183, 'TEL1405', '-6175731948884085676', '-7338185264903791257', '05', '03', '3', 'D21-311'),
(1184, 'TEL1406', '-7380537214342355781', '-5545899402465303635', '05', '03', '3', 'D21-317'),
(1185, 'TEL1407', '-8826012509677482574', '-7866623342434039816', '05', '03', '3', 'D21-323'),
(1186, 'TEL1412', '-7257975395067652735', '-6820285000726716518', '05', '03', '2', 'D21-329'),
(1187, 'ELE1309', '-7079262903839030885', '-8616929204308359726', '06', '03', '3', 'D22-146'),
(1188, 'INT1306', '-8205901307521982427', '-5453045272345143145', '06', '03', '3', 'D21-099'),
(1189, 'TEL1345', '-6665894356055262599', '-5960706943547143160', '06', '03', '3', 'D22-364'),
(1190, 'TEL1405', '-5543535134399396229', '-7338185264903791257', '06', '03', '3', 'D21-312'),
(1191, 'TEL1406', '-5170856189730248378', '-5545899402465303635', '06', '03', '3', 'D21-318'),
(1192, 'TEL1407', '-8935969862604475766', '-7866623342434039816', '06', '03', '3', 'D21-324'),
(1193, 'TEL1412', '-5356858187872384230', '-6820285000726716518', '06', '03', '2', 'D21-330'),
(1194, 'ELE1309', '-8857885855074798421', '-8616929204308359726', '07', '03', '3', 'D22-147'),
(1195, 'INT1306', '-5354590683993838477', '-5453045272345143145', '07', '03', '3', 'D22-213'),
(1196, 'ELE1309', '-5322902397874469604', '-8616929204308359726', '08', '03', '3', 'D22-148'),
(1197, 'INT1306', '-5579640449335613884', '-5453045272345143145', '08', '03', '3', 'D21-100'),
(1198, 'INT1306', '-8522137322129259906', '-5453045272345143145', '09', '03', '3', 'D22-214'),
(1199, 'INT1306', '-5050508748618061115', '-5453045272345143145', '10', '03', '3', 'D22-215'),
(1200, 'INT1306', '-7259410159028844853', '-5453045272345143145', '11', '03', '3', 'D22-216'),
(1201, 'INT1306', '-7982884743423776948', '-5453045272345143145', '12', '03', '3', 'D22-217'),
(1202, 'INT1306', '-6666034641123332486', '-5453045272345143145', '13', '03', '3', 'D22-218'),
(1203, 'INT1306', '-5119466210073414249', '-5453045272345143145', '14', '03', '3', 'D22-219'),
(1204, 'INT1306', '-6847214563830170181', '-5453045272345143145', '15', '03', '3', 'D22-220'),
(1205, 'INT1306', '-8890889147313922598', '-5453045272345143145', '16', '03', '3', 'D22-221'),
(1206, 'INT1306', '-7483921185674058998', '-5453045272345143145', '17', '03', '3', 'D22-222'),
(1207, 'INT1306', '-5349862898591664864', '-5453045272345143145', '18', '03', '3', 'D22-223'),
(1208, 'INT1306', '-6475513798088834610', '-5453045272345143145', '19', '03', '3', 'D22-224'),
(1209, 'INT1306', '-7854958237378307108', '-5453045272345143145', '20', '03', '3', 'D22-225'),
(1210, 'ELE1310', '-7331371013930661975', '-5081900761643485941', '01', '04', '3', 'D22-154'),
(1211, 'ELE1318', '-8391128845227117060', '-7555411790575887710', '01', '04', '3', 'D22-165'),
(1212, 'ELE1310', '-6655357238479844056', '-5081900761643485941', '02', '04', '3', 'D22-155'),
(1213, 'ELE1318', '-4656252799645628305', '-7555411790575887710', '02', '04', '3', 'D22-166'),
(1214, 'ELE1310', '-6808786014377948438', '-5081900761643485941', '03', '04', '3', 'D22-156'),
(1215, 'ELE1318', '-6512222796521166823', '-7555411790575887710', '03', '04', '3', 'D22-167'),
(1216, 'ELE1310', '-8327397612011308042', '-5081900761643485941', '01', '05', '3', 'D22-154'),
(1217, 'ELE1318', '-6737562462708800561', '-7555411790575887710', '01', '05', '3', 'D22-165'),
(1218, 'ELE1310', '-8336495634960390913', '-5081900761643485941', '02', '05', '3', 'D22-155'),
(1219, 'ELE1318', '-5174587642176706480', '-7555411790575887710', '02', '05', '3', 'D22-166'),
(1220, 'ELE1310', '-9116263309658849522', '-5081900761643485941', '03', '05', '3', 'D22-156'),
(1221, 'ELE1318', '-7706923061137278652', '-7555411790575887710', '03', '05', '3', 'D22-167');

-- --------------------------------------------------------

--
-- Cấu trúc bảng cho bảng `majors`
--

CREATE TABLE `majors` (
  `id` int(11) NOT NULL,
  `name_major` varchar(100) NOT NULL,
  `type` varchar(100) NOT NULL
) ENGINE=InnoDB DEFAULT CHARSET=utf8mb4 COLLATE=utf8mb4_general_ci;

--
-- Đang đổ dữ liệu cho bảng `majors`
--

INSERT INTO `majors` (`id`, `name_major`, `type`) VALUES
(1, ' Chọn để xem môn học của các nghành', 'default'),
(2, 'Truyền thông Đa phương tiện', 'ttdpt'),
(3, 'Công nghệ Đa phương tiện', 'cndpt'),
(4, 'Kế toán', 'kt'),
(5, 'Quản trị kinh doanh', 'qtkd'),
(6, 'An toàn thông tin', 'attt'),
(7, 'Công nghệ thông tin', 'cntt'),
(8, 'Điện tử – Viễn thông', 'dtvt'),
(9, 'Công nghệ Kỹ thuật Điện, điện tử', 'cnktddt'),
(10, 'Thương mại Điện tử', 'tmdt'),
(11, 'Công nghệ Tài chính', 'cntc'),
(12, 'Công nghệ thông tin chất lượng cao', 'cnttclc'),
(13, 'Khoa học máy tính', 'khmt'),
(14, 'Báo chí', 'bc'),
(15, 'Marketing', 'mar');

-- --------------------------------------------------------

--
-- Cấu trúc bảng cho bảng `record_subject_to_regis`
--

CREATE TABLE `record_subject_to_regis` (
  `id` int(11) NOT NULL,
  `code_subject` varchar(10) NOT NULL,
  `name_subject` varchar(255) NOT NULL,
  `group_name` varchar(10) NOT NULL,
  `team_name` varchar(10) NOT NULL,
  `stc` int(11) NOT NULL,
  `user_id` int(11) NOT NULL,
  `signed` int(11) DEFAULT 0,
  `lop` varchar(40) NOT NULL,
  `date` varchar(40) NOT NULL,
  `id_to_hoc` varchar(100) NOT NULL
) ENGINE=InnoDB DEFAULT CHARSET=utf8mb4 COLLATE=utf8mb4_general_ci;

--
-- Đang đổ dữ liệu cho bảng `record_subject_to_regis`
--

INSERT INTO `record_subject_to_regis` (`id`, `code_subject`, `name_subject`, `group_name`, `team_name`, `stc`, `user_id`, `signed`, `lop`, `date`, `id_to_hoc`) VALUES
(32, 'INT1429M', 'Dont worry bro! This subject not found my own server but has been already exists at QLDT', '04', '01', 2, 1, 1, 'D20CQAT03-B', '16/12/2023 06:04:14', '-6007495384975534621'),
(33, 'INT1449', 'Phát triển ứng dụng cho các thiết bị di động', '04', '01', 3, 1, 1, 'D20CQAT03-B', '16/12/2023 06:04:17', '-9088797978429060862'),
(34, 'INT1483', 'An toàn mạng nâng cao', '03', '01', 3, 1, 1, 'D20CQAT03-B', '16/12/2023 06:04:22', '-8744142661059316954'),
(39, 'INT14106', 'Quản lý an toàn thông tin', '04', '', 3, 1, 1, 'D20CQAT03-B', '16/12/2023 07:40:17', '-8501726051779722169'),
(41, 'INT14107', 'Kiểm thử xâm nhập', '03', '01', 3, 1, 1, 'D20CQAT03-B', '16/12/2023 07:42:42', '-7748497302359650460'),
(45, 'INT14102', 'Các kỹ thuật giấu tin', '03', '01', 2, 1, 1, 'D20CQAT03-B', '16/12/2023 16:46:33', '-8871912050174843143');

-- --------------------------------------------------------

--
-- Cấu trúc bảng cho bảng `regis_subjects`
--

CREATE TABLE `regis_subjects` (
  `id` int(11) NOT NULL,
  `major_id` int(11) DEFAULT NULL,
  `name_subject` varchar(50) NOT NULL,
  `code_subject` varchar(10) NOT NULL,
  `stc` int(11) DEFAULT NULL,
  `nam_hoc` int(11) DEFAULT NULL,
  `hoc_ky` int(11) DEFAULT NULL
) ENGINE=InnoDB DEFAULT CHARSET=utf8mb4 COLLATE=utf8mb4_general_ci;

-- --------------------------------------------------------

--
-- Cấu trúc bảng cho bảng `roles`
--

CREATE TABLE `roles` (
  `id` int(11) NOT NULL,
  `role_name` varchar(10) DEFAULT NULL
) ENGINE=InnoDB DEFAULT CHARSET=utf8mb4 COLLATE=utf8mb4_general_ci;

--
-- Đang đổ dữ liệu cho bảng `roles`
--

INSERT INTO `roles` (`id`, `role_name`) VALUES
(1, 'admin'),
(2, 'user');

-- --------------------------------------------------------

--
-- Cấu trúc bảng cho bảng `subjects`
--

CREATE TABLE `subjects` (
  `id` int(11) NOT NULL,
  `nameSubject` varchar(100) NOT NULL,
  `codeSubject` varchar(20) NOT NULL,
  `stc` int(11) DEFAULT NULL,
  `major_id` int(11) DEFAULT NULL
) ENGINE=InnoDB DEFAULT CHARSET=utf8mb4 COLLATE=utf8mb4_general_ci;

--
-- Đang đổ dữ liệu cho bảng `subjects`
--

INSERT INTO `subjects` (`id`, `nameSubject`, `codeSubject`, `stc`, `major_id`) VALUES
(1, 'Tư tưởng Hồ Chí Minh', 'BAS1122', 2, 6),
(2, 'Đường lối cách mạng Đảng cộng sản Việt Nam', 'BAS1102', 3, 6),
(3, 'Tiếng Anh B11', 'BAS1145', 3, 6),
(4, 'Tiếng Anh A11', 'BAS1141', 3, 6),
(5, 'Tiếng Anh A12', 'BAS1142', 4, 6),
(6, 'Tiếng Anh B12', 'BAS1146', 4, 6),
(7, 'Tiếng Anh A21', 'BAS1143', 3, 6),
(8, 'Tiếng Anh A21', 'BAS1143', 3, 6),
(9, 'Tiếng Anh A22', 'BAS1144', 4, 6),
(10, 'Tiếng Anh A22', 'BAS1144', 4, 6),
(11, 'Tin học cơ sở 1', 'INT1154', 2, 6),
(12, 'Tin học cơ sở 2', 'INT1155', 2, 6),
(13, 'Phương pháp luận nghiên cứu khoa học', 'SKD1108', 2, 6),
(14, 'Giáo dục thể chất 1', 'BAS1106', 2, 6),
(15, 'Giáo dục thể chất 2', 'BAS1107', 2, 6),
(16, 'Kỹ năng thuyết trình', 'SKD1101', 1, 6),
(17, 'Kỹ năng làm việc nhóm', 'SKD1102', 1, 6),
(18, 'Kỹ năng tạo lập Văn bản', 'SKD1103', 1, 6),
(19, 'Kỹ năng lập kế hoạch và tổ chức công việc', 'SKD1104', 1, 6),
(20, 'Kỹ năng giao tiếp và ứng xử', 'SKD1105', 1, 6),
(21, 'Kỹ năng giải quyết vấn đề', 'SKD1106', 1, 6),
(22, 'Kỹ năng tư duy sáng tạo và mạo hiểm', 'SKD1107', 1, 6),
(23, 'Giải tích 1', 'BAS1203', 3, 6),
(24, 'Giải tích 2', 'BAS1204', 3, 6),
(25, 'Đại số', 'BAS1201', 3, 6),
(26, 'Vật lý 1 và thí nghiệm', 'BAS1224', 4, 6),
(27, 'Vật lý 3 và thí nghiệm', 'BAS1227', 4, 6),
(28, 'Xác suất thống kê', 'BAS1226', 2, 6),
(29, 'Toán rời rạc 1', 'INT1358', 3, 6),
(30, 'Toán rời rạc 2', 'INT1359', 3, 6),
(31, 'Cấu trúc dữ liệu và giải thuật', 'INT1306', 3, 6),
(32, 'Cơ sở dữ liệu', 'INT1313', 3, 6),
(33, 'Kiến trúc máy tính', 'INT1323', 2, 6),
(34, 'Kỹ thuật vi xử lý', 'INT1330', 3, 6),
(35, 'Lý thuyết thông tin', 'ELE1319', 3, 6),
(36, 'Hệ điều hành', 'INT1319', 3, 6),
(37, 'Lập trình hướng đối tượng', 'INT1332', 3, 6),
(38, 'Mạng máy tính', 'INT1336', 3, 6),
(39, 'Nhập môn công nghệ phần mềm', 'INT1340', 3, 6),
(40, 'Lập trình Web', 'INT1434', 3, 6),
(41, 'Phân tích và thiết kế hệ thống thông tin', 'INT1342', 3, 6),
(42, 'Cơ sở an toàn thông tin', 'INT1472', 3, 6),
(43, 'Mật mã học cơ sở', 'INT1344', 3, 6),
(44, 'Lập trình mạng', 'INT1433', 3, 6),
(45, 'Kiểm thử xâm nhập', 'INT14107', 3, 6),
(46, 'Hệ điều hành Windows và linux/unix', 'INT1487', 3, 6),
(47, 'An toàn mạng', 'INT1482', 3, 6),
(48, 'An toàn hệ điều hành', 'INT1484', 2, 6),
(49, 'Quản lý an toàn thông tin', 'INT14106', 3, 6),
(50, 'An toàn ứng dụng Web và CSDL', 'INT14105', 3, 6),
(51, 'An toàn mạng nâng cao', 'INT1483', 3, 6),
(52, 'Kỹ thuật theo dõi giám sát an toàn mạng', 'INT1429', 2, 6),
(53, 'Phát triển ứng dụng cho các thiết bị di động', 'INT1449', 3, 6),
(54, 'Mật mã học nâng cao', 'INT1491', 2, 6),
(55, 'Phát triển phần mềm an toàn', 'INT1463', 2, 6),
(56, 'Khoa học pháp lý số', 'INT1488', 2, 6),
(57, 'Các kỹ thuật giấu tin', 'INT14102', 2, 6),
(58, 'Tư tưởng Hồ Chí Minh', 'BAS1122', 2, 7),
(59, 'Đường lối cách mạng Đảng cộng sản Việt Nam', 'BAS1102', 3, 7),
(60, 'Tiếng Anh B11', 'BAS1145', 3, 7),
(61, 'Tiếng Anh A11', 'BAS1141', 3, 7),
(62, 'Tiếng Anh A12', 'BAS1142', 4, 7),
(63, 'Tiếng Anh B12', 'BAS1146', 4, 7),
(64, 'Tiếng Anh A21', 'BAS1143', 3, 7),
(65, 'Tiếng Anh A21', 'BAS1143', 3, 7),
(66, 'Tiếng Anh A22', 'BAS1144', 4, 7),
(67, 'Tiếng Anh A22', 'BAS1144', 4, 7),
(68, 'Tin học cơ sở 1', 'INT1154', 2, 7),
(69, 'Tin học cơ sở 2', 'INT1155', 2, 7),
(70, 'Phương pháp luận nghiên cứu khoa học', 'SKD1108', 2, 7),
(71, 'Giáo dục thể chất 1', 'BAS1106', 2, 7),
(72, 'Giáo dục thể chất 2', 'BAS1107', 2, 7),
(73, 'Kỹ năng thuyết trình', 'SKD1101', 1, 7),
(74, 'Kỹ năng làm việc nhóm', 'SKD1102', 1, 7),
(75, 'Kỹ năng tạo lập Văn bản', 'SKD1103', 1, 7),
(76, 'Kỹ năng lập kế hoạch và tổ chức công việc', 'SKD1104', 1, 7),
(77, 'Kỹ năng giao tiếp và ứng xử', 'SKD1105', 1, 7),
(78, 'Kỹ năng giải quyết vấn đề', 'SKD1106', 1, 7),
(79, 'Kỹ năng tư duy sáng tạo và mạo hiểm', 'SKD1107', 1, 7),
(80, 'Giải tích 1', 'BAS1203', 3, 7),
(81, 'Giải tích 2', 'BAS1204', 3, 7),
(82, 'Đại số', 'BAS1201', 3, 7),
(83, 'Vật lý 1 và thí nghiệm', 'BAS1224', 4, 7),
(84, 'Vật lý 3 và thí nghiệm', 'BAS1227', 4, 7),
(85, 'Xác suất thống kê', 'BAS1226', 2, 7),
(86, 'Kỹ thuật số', 'ELE1433', 2, 7),
(87, 'Toán rời rạc 1', 'INT1358', 3, 7),
(88, 'Toán rời rạc 2', 'INT1359', 3, 7),
(89, 'Cấu trúc dữ liệu và giải thuật', 'INT1306', 3, 7),
(90, 'Cơ sở dữ liệu', 'INT1313', 3, 7),
(91, 'Kiến trúc máy tính', 'INT1323', 2, 7),
(92, 'Kỹ thuật vi xử lý', 'INT1330', 3, 7),
(93, 'Xử lý tín hiệu số', 'ELE1330', 2, 7),
(94, 'Hệ điều hành', 'INT1319', 3, 7),
(95, 'Lập trình hướng đối tượng', 'INT1332', 3, 7),
(96, 'Mạng máy tính', 'INT1336', 3, 7),
(97, 'Nhập môn công nghệ phần mềm', 'INT1340', 3, 7),
(98, 'Nhập môn trí tuệ nhân tạo', 'INT1341', 3, 7),
(99, 'Phân tích và thiết kế hệ thống thông tin', 'INT1342', 3, 7),
(100, 'Lý thuyết thông tin', 'ELE1319', 3, 7),
(101, 'Kỹ thuật đồ họa (*)', 'INT1328', 2, 7),
(102, 'An toàn và bảo mật hệ thống thông tin', 'INT1303', 3, 7),
(103, 'Xử lý ảnh', 'INT1362', 2, 7),
(104, 'Lập trình Web', 'INT1434', 3, 7),
(105, 'Quản lý dự án phần mềm', 'INT1450', 2, 7),
(106, 'Cơ sở dữ liệu phân tán', 'INT1414', 2, 7),
(107, 'Lập trình mạng', 'INT1433', 3, 7),
(108, 'Phát triển hệ thống thương mại điện tử', 'INT1446', 3, 7),
(109, 'Hệ cơ sở dữ liệu đa phương tiện', 'INT1418', 3, 7),
(110, 'Phát triển hệ thống thông tin quản lý', 'INT1445', 3, 7),
(111, 'Kho dữ liệu và khai phá dữ liệu', 'INT1422', 3, 7),
(112, 'Các hệ thống phân tán', 'INT1405', 3, 7),
(113, 'Chuyên đề', 'INT1409', 1, 7),
(114, 'Hệ trợ giúp quyết định', 'INT1421', 3, 7),
(115, 'Các hệ thống dựa trên tri thức', 'INT1404', 3, 7),
(116, 'Phát triển phần mềm hướng dịch vụ', 'INT1448', 3, 7),
(117, 'Cấu trúc dữ liệu và giải thuật nâng cao trên Java', 'INT14101', 3, 7),
(118, 'Lập trình Web', 'INT1434', 3, 7),
(119, 'Quản lý dự án phần mềm', 'INT1450', 2, 7),
(120, 'Cơ sở dữ liệu phân tán', 'INT1414', 2, 7),
(121, 'Lập trình mạng', 'INT1433', 3, 7),
(122, 'Thiết kế mạng máy tính', 'INT1452', 3, 7),
(123, 'Đánh giá hiệu năng mạng', 'INT1415', 3, 7),
(124, 'Quản lý mạng máy tính', 'INT1451', 3, 7),
(125, 'An ninh mạng', 'INT1402', 3, 7),
(126, 'Các hệ thống phân tán', 'INT1405', 3, 7),
(127, 'Chuyên đề', 'INT1412', 1, 7),
(128, 'Kiến trúc và thuật toán song song', 'INT1426', 3, 7),
(129, 'Hệ cơ sở dữ liệu đa phương tiện', 'INT1418', 3, 7),
(130, 'Mạng viễn thông thế hệ mới', 'TEL1423', 3, 7),
(131, 'Lập trình Web', 'INT1434', 3, 7),
(132, 'Quản lý dự án phần mềm', 'INT1450', 2, 7),
(133, 'Cơ sở dữ liệu phân tán', 'INT1414', 2, 7),
(134, 'Lập trình mạng', 'INT1433', 3, 7),
(135, 'Kiến trúc và thiết kế phần mềm', 'INT1427', 3, 7),
(136, 'Xây dựng các hệ thống nhúng', 'INT1461', 3, 7),
(137, 'Đảm bảo chất lượng phần', 'INT1416', 3, 7),
(138, 'Phát triển phần mềm hướng dịch vụ', 'INT1448', 3, 7),
(139, 'Phát triển ứng dụng cho các thiết bị di động', 'INT1449', 3, 7),
(140, 'Chuyên đề', 'INT1408', 1, 7),
(141, 'Phát triển phần mềm hướng Agent', 'INT1447', 3, 7),
(142, 'Các hệ thống phân tán', 'INT1405', 3, 7),
(143, 'Tương tác người máy', 'INT1460', 3, 7),
(144, 'Cấu trúc dữ liệu và giải thuật nâng cao trên Java', 'INT14101', 3, 7),
(145, 'Lập trình Web', 'INT1434', 3, 7),
(146, 'Quản lý dự án phần mềm', 'INT1450', 2, 7),
(147, 'Cơ sở dữ liệu phân tán', 'INT1414', 2, 7),
(148, 'Lập trình mạng', 'INT1433', 3, 7),
(149, 'Phân tích và thiết kế thuật toán', 'INT1443', 3, 7),
(150, 'Xử lý tiếng nói', 'ELE1432', 3, 7),
(151, 'Kiến trúc và thuật toán song song', 'INT1426', 3, 7),
(152, 'Thiết kế và cài đặt hệ điều hành', 'INT1453', 3, 7),
(153, 'Các hệ thống phân tán', 'INT1405', 3, 7),
(154, 'Chuyên đề', 'INT1410', 1, 7),
(155, 'Agent và hệ đa agent', 'INT1401', 3, 7),
(156, 'Chương trình dịch', 'INT1407', 3, 7),
(157, 'Hệ trợ giúp quyết định', 'INT1421', 3, 7),
(158, 'Mạng nơron', 'INT1437', 3, 7),
(159, 'Cấu trúc dữ liệu và giải thuật nâng cao trên Java', 'INT14101', 3, 7),
(160, 'Quản lý dự án phần mềm', 'INT1450', 2, 7),
(161, 'Cơ sở dữ liệu phân tán', 'INT1414', 2, 7),
(162, 'Lập trình hệ thống và điều khiển thiết bị', 'INT1431', 3, 7),
(163, 'Thiết kế logic số', 'ELE1426', 3, 7),
(164, 'Kiến trúc và thuật toán song song', 'INT1426', 3, 7),
(165, 'Tương tác người máy', 'INT1460', 3, 7),
(166, 'Thiết kế và cài đặt hệ điều hành', 'INT1453', 3, 7),
(167, 'Xây dựng các hệ thống nhúng', 'INT1461', 3, 7),
(168, 'Kiến trúc máy tính tiên tiến', 'INT1424', 3, 7),
(169, 'Chuyên đề', 'INT1411', 1, 7),
(170, 'Phát triển phần mềm hướng dịch vụ', 'INT1448', 3, 7),
(171, 'Xử lý tiếng nói', 'ELE1432', 3, 7),
(172, 'Lập trình mạng', 'INT1433', 3, 7),
(173, 'Mật mã học và ứng dụng', 'INT1471', 3, 7),
(174, 'Cơ sở an toàn thông tin', 'INT1472', 3, 7),
(175, 'Pháp luật và chính sách An toàn thông tin', 'INT1473', 2, 7),
(176, 'Lập trình Web', 'INT1434', 3, 7),
(177, 'Quản lý dự án phần mềm', 'INT1450', 2, 7),
(178, 'Cơ sở dữ liệu phân tán', 'INT1414', 2, 7),
(179, 'Lập trình mạng', 'INT1433', 3, 7),
(180, 'Các giao thức của Internet', 'INT1474', 2, 7),
(181, 'An toàn hệ điều hành và cơ sở dữ liệu', 'INT1475', 3, 7),
(182, 'An toàn ứng dụng Web', 'INT1476', 3, 7),
(183, 'An toàn thông tin mạng', 'INT1417', 3, 7),
(184, 'Các hệ thống phân tán', 'INT1405', 3, 7),
(185, 'Chuyên đề', 'INT1438', 1, 7),
(186, 'Phát triển phần mềm an toàn', 'INT1463', 3, 7),
(187, 'Đánh giá An toàn thông tin', 'INT1435', 3, 7),
(188, 'Kỹ thuật theo dõi giám sát An toàn thông tin mạng', 'INT1429', 3, 7),
(189, 'Tư tưởng Hồ Chí Minh', 'BAS1122', 2, 3),
(190, 'Đường lối cách mạng Đảng cộng sản Việt Nam', 'BAS1102', 3, 3),
(191, 'Tiếng Anh B11', 'BAS1145', 3, 3),
(192, 'Tiếng Anh A11', 'BAS1141', 3, 3),
(193, 'Tiếng Anh A12', 'BAS1142', 4, 3),
(194, 'Tiếng Anh B12', 'BAS1146', 4, 3),
(195, 'Tiếng Anh A21', 'BAS1143', 3, 3),
(196, 'Tiếng Anh A21', 'BAS1143', 3, 3),
(197, 'Tiếng Anh A22', 'BAS1144', 4, 3),
(198, 'Tiếng Anh A22', 'BAS1144', 4, 3),
(199, 'Tin học cơ sở 1', 'INT1154', 2, 3),
(200, 'Tin học cơ sở 2', 'INT1155', 2, 3),
(201, 'Phương pháp luận nghiên cứu khoa học', 'SKD1108', 2, 3),
(202, 'Giáo dục thể chất 1', 'BAS1106', 2, 3),
(203, 'Giáo dục thể chất 2', 'BAS1107', 2, 3),
(204, 'Kỹ năng thuyết trình', 'SKD1101', 1, 3),
(205, 'Kỹ năng làm việc nhóm', 'SKD1102', 1, 3),
(206, 'Kỹ năng tạo lập Văn bản', 'SKD1103', 1, 3),
(207, 'Kỹ năng lập kế hoạch và tổ chức công việc', 'SKD1104', 1, 3),
(208, 'Kỹ năng giao tiếp và ứng xử', 'SKD1105', 1, 3),
(209, 'Kỹ năng giải quyết vấn đề', 'SKD1106', 1, 3),
(210, 'Kỹ năng tư duy sáng tạo và mạo hiểm', 'SKD1107', 1, 3),
(211, 'Toán cao cấp 1', 'BAS1219', 2, 3),
(212, 'Toán cao cấp 2', 'BAS1220', 2, 3),
(213, 'Toán rời rạc 1', 'INT1358', 3, 3),
(214, 'Xác suất thống kê', 'BAS1226', 2, 3),
(215, 'Cơ sở tạo hình', 'MUL1238', 3, 3),
(216, 'Nhập môn Đa phương tiện', 'MUL1320', 2, 3),
(217, 'Thiết kế đồ họa', 'MUL13121', 2, 3),
(218, 'Kỹ thuật nhiếp ảnh', 'MUL13122', 2, 3),
(219, 'Mỹ thuật cơ bản', 'MUL1218', 2, 3),
(220, 'Kỹ thuật quay phim', 'MUL1314', 3, 3),
(221, 'Ngôn ngữ lập trình Java', 'INT13108', 3, 3),
(222, 'Thiết kế tương tác đa phương tiện', 'MUL1425', 2, 3),
(223, 'Thiết kế đồ họa 3D', 'MUL1454', 3, 3),
(224, 'Xử lý và truyền thông đa phương tiện', 'MUL1307', 2, 3),
(225, 'Kiến trúc máy tính và hệ điều hành', 'INT1325', 2, 3),
(226, 'Thiết kế Web cơ bản', 'MUL1429', 2, 3),
(227, 'Kỹ xảo đa phương tiện', 'MUL1415', 2, 3),
(228, 'Nhập môn Công nghệ phần mềm', 'INT1340', 3, 3),
(229, 'Tổ chức sản xuất sản phẩm đa phương tiện', 'MUL1422', 2, 3),
(230, 'Kịch bản đa phương tiện', 'MUL1423', 2, 3),
(231, 'Truyền thông: lý thuyết và ứng dụng', 'MUL1392', 2, 3),
(232, 'Dựng audio và video phi tuyến', 'MUL13124', 3, 3),
(233, 'Kỹ thuật âm thanh', 'MUL1312', 3, 3),
(234, 'Cấu trúc dữ liệu và giải thuật', 'INT1306', 3, 3),
(235, 'Lập trình Web', 'INT1434', 3, 3),
(236, 'Xử lý ảnh và video', 'MUL14125', 3, 3),
(237, 'Cơ sở dữ liệu', 'INT1313', 3, 3),
(238, 'Kỹ thuật đồ họa', 'INT13111', 3, 3),
(239, 'Lập trình âm thanh', 'MUL14126', 2, 3),
(240, 'Lập trình ứng dụng trên đầu cuối di động', 'MUL1448', 3, 3),
(241, 'Lập trình game cơ bản', 'MUL1446', 3, 3),
(242, 'Lập trình kỹ xảo hình ảnh', 'MUL14128', 2, 3),
(243, 'Khai phá dữ liệu đa phương tiện', 'MUL14130', 3, 3),
(244, 'Chuyên đề', 'MUL1451', 1, 3),
(245, 'Phát triển dịch vụ giá trị gia tăng trên mạng viễn thông', 'MUL1450', 3, 3),
(246, 'Lập trình ứng dụng đa phương tiện', 'MUL14123', 3, 3),
(247, 'Phát triển ứng dụng thực tại ảo', 'MUL14129', 3, 3),
(248, 'Lập trình game nâng cao', 'MUL1483', 3, 3),
(249, 'Thiết kế game', 'MUL14127', 3, 3),
(250, 'Cơ sở tạo hình nâng cao', 'MUL14132', 3, 3),
(251, 'Mỹ thuật nâng cao', 'MUL14133', 2, 3),
(252, 'Thiết kế hình động 1', 'MUL14134', 3, 3),
(253, 'Thiết kế sản phẩm đa phương tiện', 'MUL14135', 3, 3),
(254, 'Nghệ thuật đồ họa chữ Typography', 'MUL14136', 3, 3),
(255, 'Thiết kế tương tác đa phương tiện nâng cao', 'MUL14137', 3, 3),
(256, 'Chuyên đề', 'MUL1465', 1, 3),
(257, 'Thiết kế ấn phẩm điện tử 2', 'MUL14139', 3, 3),
(258, 'Thiết kế hình động 2', 'MUL14140', 3, 3),
(259, 'Đồ án thiết kế sản phẩm Đa phương tiện', 'MUL14141', 2, 3),
(260, 'Lịch sử mỹ thuật và thiết kế', 'MUL14142', 3, 3),
(261, 'Luật xa gần', 'MUL14131', 3, 3),
(262, 'Thiết kế hình động 3D', 'MUL14145', 3, 3),
(263, 'Kịch bản phân cảnh', 'MUL14144', 3, 3),
(264, 'Thiết kế quảng cáo truyền hình', 'MUL1421', 3, 3),
(265, 'Tư tưởng Hồ Chí Minh', 'BAS1122', 2, 4),
(266, 'Đường lối cách mạng Đảng cộng sản Việt Nam', 'BAS1102', 3, 4),
(267, 'Tiếng Anh B11', 'BAS1145', 3, 4),
(268, 'Tiếng Anh A11', 'BAS1141', 3, 4),
(269, 'Tiếng Anh A12', 'BAS1142', 4, 4),
(270, 'Tiếng Anh B12', 'BAS1146', 4, 4),
(271, 'Tiếng Anh A21', 'BAS1143', 3, 4),
(272, 'Tiếng Anh A21', 'BAS1143', 3, 4),
(273, 'Tiếng Anh A22', 'BAS1144', 4, 4),
(274, 'Tiếng Anh A22', 'BAS1144', 4, 4),
(275, 'Tin học cơ sở 1', 'INT1154', 2, 4),
(276, 'Tin học cơ sở 2', 'INT1155', 2, 4),
(277, 'Phương pháp luận nghiên cứu khoa học', 'SKD1108', 2, 4),
(278, 'Giáo dục thể chất 1', 'BAS1106', 2, 4),
(279, 'Giáo dục thể chất 2', 'BAS1107', 2, 4),
(280, 'Kỹ năng thuyết trình', 'SKD1101', 1, 4),
(281, 'Kỹ năng làm việc nhóm', 'SKD1102', 1, 4),
(282, 'Kỹ năng tạo lập Văn bản', 'SKD1103', 1, 4),
(283, 'Kỹ năng lập kế hoạch và tổ chức công việc', 'SKD1104', 1, 4),
(284, 'Kỹ năng giao tiếp và ứng xử', 'SKD1105', 1, 4),
(285, 'Kỹ năng giải quyết vấn đề', 'SKD1106', 1, 4),
(286, 'Kỹ năng tư duy sáng tạo và mạo hiểm', 'SKD1107', 1, 4),
(287, 'Lý thuyết xác suất và thống kê', 'BAS1210', 3, 4),
(288, 'Pháp luật đại cương', 'BSA1221', 2, 4),
(289, 'Toán cao cấp 1', 'BAS1219', 2, 4),
(290, 'Toán cao cấp 2', 'BAS1220', 2, 4),
(291, 'Toán kinh tế', 'BSA1241', 3, 4),
(292, 'Kế toán quản trị 1', 'FIA1310', 3, 4),
(293, 'Kế toán tài chính 1', 'FIA1312', 3, 4),
(294, 'Kiểm toán căn bản', 'FIA1315', 3, 4),
(295, 'Kinh tế vĩ mô 1', 'BSA1311', 3, 4),
(296, 'Kinh tế vi mô 1', 'BSA1310', 3, 4),
(297, 'Luật kinh doanh', 'BSA1314', 2, 4),
(298, 'Tài chính tiền tệ', 'FIA1326', 3, 4),
(299, 'Marketing căn bản', 'MAR1322', 3, 4),
(300, 'Nguyên lý kế toán', 'FIA1321', 3, 4),
(301, 'Quản trị học', 'BSA1328', 3, 4),
(302, 'Nguyên lý thống kê kinh tế', 'BSA1348', 3, 4),
(303, 'Quản trị tài chính doanh nghiệp', 'FIA1324', 3, 4),
(304, 'Thanh toán quốc tế', 'FIA1327', 2, 4),
(305, 'Ngân hàng và nghiệp vụ ngân hàng', 'FIA1439', 2, 4),
(306, 'Thị trường trứng khoán', 'FIA1433', 2, 4),
(307, 'Định giá doanh nghiệp', 'FIA1440', 2, 4),
(308, 'Thương mại điện tử', 'MAR1323', 2, 4),
(309, 'Kế toán tài chính 2', 'FIA1313', 3, 4),
(310, 'ACCA', 'FIA1401', 3, 4),
(311, 'CFA', 'FIA1402', 3, 4),
(312, 'Hệ thống thông tin kế toán', 'FIA1404', 3, 4),
(313, 'Kế toán máy', 'FIA1409', 2, 4),
(314, 'Kế toán quản trị 2', 'FIA1441', 3, 4),
(315, 'Kế toán tài chính 3', 'FIA1414', 2, 4),
(316, 'Phân tích báo cáo tài chính doanh nghiệp', 'FIA1422', 2, 4),
(317, 'Thuế và kế toán thuế', 'FIA1420', 3, 4),
(318, 'Kiểm toán tài chính', 'FIA1416', 3, 4),
(319, 'Kế toán doanh nghiệp bảo hiểm', 'FIA1406', 2, 4),
(320, 'Kế toán công', 'FIA1405', 2, 4),
(321, 'Kế toán doanh nghiệp Bưu chính viễn thông', 'FIA1435', 2, 4),
(322, 'Kế toán ngân hàng thương mại', 'FIA1408', 2, 4),
(323, 'Kế toán doanh nghiệp vận tải', 'FIA1436', 2, 4),
(324, 'Kế toán doanh nghiệp du lịch', 'FIA1437', 2, 4),
(325, 'Tư tưởng Hồ Chí Minh', 'BAS1122', 2, 5),
(326, 'Đường lối cách mạng Đảng cộng sản Việt Nam', 'BAS1102', 3, 5),
(327, 'Tiếng Anh B11', 'BAS1145', 3, 5),
(328, 'Tiếng Anh A11', 'BAS1141', 3, 5),
(329, 'Tiếng Anh A12', 'BAS1142', 4, 5),
(330, 'Tiếng Anh B12', 'BAS1146', 4, 5),
(331, 'Tiếng Anh A21', 'BAS1143', 3, 5),
(332, 'Tiếng Anh A21', 'BAS1143', 3, 5),
(333, 'Tiếng Anh A22', 'BAS1144', 4, 5),
(334, 'Tiếng Anh A22', 'BAS1144', 4, 5),
(335, 'Tin học cơ sở 1', 'INT1154', 2, 5),
(336, 'Tin học cơ sở 2', 'INT1155', 2, 5),
(337, 'Phương pháp luận nghiên cứu khoa học', 'SKD1108', 2, 5),
(338, 'Giáo dục thể chất 1', 'BAS1106', 2, 5),
(339, 'Giáo dục thể chất 2', 'BAS1107', 2, 5),
(340, 'Kỹ năng thuyết trình', 'SKD1101', 1, 5),
(341, 'Kỹ năng làm việc nhóm', 'SKD1102', 1, 5),
(342, 'Kỹ năng tạo lập Văn bản', 'SKD1103', 1, 5),
(343, 'Kỹ năng lập kế hoạch và tổ chức công việc', 'SKD1104', 1, 5),
(344, 'Kỹ năng giao tiếp và ứng xử', 'SKD1105', 1, 5),
(345, 'Kỹ năng giải quyết vấn đề', 'SKD1106', 1, 5),
(346, 'Kỹ năng tư duy sáng tạo và mạo hiểm', 'SKD1107', 1, 5),
(347, 'Toán cao cấp 1', 'BAS1219', 2, 5),
(348, 'Toán cao cấp 2', 'BAS1220', 2, 5),
(349, 'Lý thuyết xác suất và thống kê', 'BAS1210', 3, 5),
(350, 'Toán kinh tế', 'BSA1241', 3, 5),
(351, 'Pháp luật đại cương', 'BSA1221', 2, 5),
(352, 'Tâm lý quản lý', 'BSA1236', 2, 5),
(353, 'Lịch sử các học thuyết kinh tế', 'BAS1109', 2, 5),
(354, 'Kinh tế vi mô 1', 'BSA1310', 3, 5),
(355, 'Kinh tế vĩ mô 1', 'BSA1311', 3, 5),
(356, 'Marketing căn bản', 'MAR1322', 3, 5),
(357, 'Nguyên lý kế toán', 'FIA1321', 3, 5),
(358, 'Kinh tế lượng', 'BSA1309', 3, 5),
(359, 'Quản trị học', 'BSA1328', 3, 5),
(360, 'Quản trị chiến lược', 'BSA1325', 3, 5),
(361, 'Quản trị nhân lực', 'BSA1331', 3, 5),
(362, 'Quản trị tài chính doanh nghiệp', 'FIA1324', 3, 5),
(363, 'Quản trị sản xuất', 'BSA1333', 3, 5),
(364, 'Quản trị chất lượng', 'BSA1324', 2, 5),
(365, 'Lập và thẩm định dự án đầu tư', 'BSA1313', 2, 5),
(366, 'Quản trị bán hàng', 'blank', 2, 5),
(367, 'Phân tích hoạt động kinh doanh', 'BSA1320', 2, 5),
(368, 'Đàm phán kinh doanh', 'BSA1304', 2, 5),
(369, 'Đạo đức kinh doanh và văn hóa doanh nghiệp', 'BSA1305', 2, 5),
(370, 'Quản trị văn phòng', 'BSA1335', 2, 5),
(371, 'Quản lý dự án', 'BSA1350', 2, 5),
(372, 'Quản trị công nghệ', 'BSA1326', 2, 5),
(373, 'Luật kinh doanh', 'BSA1314', 2, 5),
(374, 'Hệ thống thông tin quản lý', 'BSA1307', 2, 5),
(375, 'Tin học quản lý', 'INT1357', 2, 5),
(376, 'Thương mại điện tử', 'MAR1323', 2, 5),
(377, 'Thống kê doanh nghiệp', 'BSA1338', 3, 5),
(378, 'Quản trị marketing', 'MAR1424', 2, 5),
(379, 'Marketing dịch vụ', 'MAR1425', 2, 5),
(380, 'Marketing công nghiệp', 'MAR1426', 2, 5),
(381, 'Nghiên cứu marketing', 'MAR1430', 2, 5),
(382, 'Truyền thông marketing', 'MAR1431', 2, 5),
(383, 'Chuyên đề', 'MAR1432', 2, 5),
(384, 'Quản trị marketing', 'MAR1424', 2, 5),
(385, 'Khởi sự kinh doanh', 'BSA1412', 2, 5),
(386, 'Tổ chức sản xuất trong doanh nghiệp', 'BSA1440', 2, 5),
(387, 'Quản trị doanh nghiệp', 'BSA1427', 3, 5),
(388, 'Quản trị kinh doanh quốc tế', 'BSA1432', 3, 5),
(389, 'Chuyên đề', 'BSA1402', 2, 5),
(390, 'Nghiệp vụ thương mại', 'BSA1418', 2, 5),
(391, 'Pháp luật thương mại điện tử', 'BSA1422', 2, 5),
(392, 'Xây dựng website thương mại điện tử', 'BSA1408', 2, 5),
(393, 'Quản trị kinh doanh bán lẻ trực tuyến', 'BSA1429', 2, 5),
(394, 'Thanh toán điện tử', 'BSA1437', 2, 5),
(395, 'Chuyên đề', 'BSA1403', 2, 5),
(396, 'Tư tưởng Hồ Chí Minh', 'BAS1122', 2, 2),
(397, 'Đường lối cách mạng Đảng cộng sản VN', 'BAS1102', 3, 2),
(398, 'Tiếng Anh B11', 'BAS1145', 3, 2),
(399, 'Tiếng Anh A11', 'BAS1141', 3, 2),
(400, 'Tiếng Anh A12', 'BAS1142', 4, 2),
(401, 'Tiếng Anh B12', 'BAS1146', 4, 2),
(402, 'Tiếng Anh A21', 'BAS1143', 3, 2),
(403, 'Tiếng Anh A21', 'BAS1143', 3, 2),
(404, 'Tiếng Anh A22', 'BAS1144', 4, 2),
(405, 'Tiếng Anh A22', 'BAS1144', 4, 2),
(406, 'Tin học cơ sở 1', 'INT1154', 2, 2),
(407, 'Phương pháp luận nghiên cứu khoa học', 'SKD1108', 2, 2),
(408, 'Giáo dục thể chất 1', 'BAS1106', 2, 2),
(409, 'Giáo dục thể chất 2', 'BAS1107', 2, 2),
(410, 'Kỹ năng thuyết trình', 'SKD1101', 1, 2),
(411, 'Kỹ năng làm việc nhóm', 'SKD1102', 1, 2),
(412, 'Kỹ năng tạo lập văn bản', 'SKD1103', 1, 2),
(413, 'Kỹ năng lập kế hoạch và tổ chức công việc', 'SKD1104', 1, 2),
(414, 'Kỹ năng giao tiếp và ứng xử', 'SKD1105', 1, 2),
(415, 'Kỹ năng giải quyết vấn đề', 'SKD1106', 1, 2),
(416, 'Kỹ năng tư duy sáng tạo và mạo hiểm', 'SKD1107', 1, 2),
(417, 'Lịch sử văn minh thế giới', 'MUL12117', 2, 2),
(418, 'Pháp luật đại cương', 'BSA1221', 2, 2),
(419, 'Marketing căn bản', 'MAR1322', 3, 2),
(420, 'Cơ sở văn hóa Việt Nam', 'MUL1240', 2, 2),
(421, 'Phương pháp nghiên cứu truyền thông', 'MUL1289', 2, 2),
(422, 'Nhập môn đa phương tiện', 'MUL1320', 2, 2),
(423, 'Nhập môn truyền thông', 'MUL1391', 2, 2),
(424, 'Lý thuyết truyền thông', 'MUL1392', 2, 2),
(425, 'Truyền thông xã hội', 'MUL1393', 2, 2),
(426, 'Truyền thông và dư luận xã hội', 'MUL1394', 2, 2),
(427, 'Pháp luật và đạo đức truyền thông', 'MUL13118', 2, 2),
(428, 'Các loại hình báo chí hiện đại', 'MUL13119', 2, 2),
(429, 'Nhập môn PR', 'MUL1395', 2, 2),
(430, 'Nhập môn quảng cáo', 'MUL13120', 2, 2),
(431, 'Thiết kế đồ họa cơ bản', 'MUL1426', 3, 2),
(432, 'Kỹ thuật nhiếp ảnh', 'MUL1313', 3, 2),
(433, 'Quay phim', 'MUL13147', 3, 2),
(434, 'Viết đa phương tiện', 'MUL1396', 2, 2),
(435, 'Biên tập văn bản báo chí', 'MUL1397', 2, 2),
(436, 'Nghệ thuật kể chuyện đa phương tiện', 'MUL1398', 2, 2),
(437, 'Phỏng vấn: Lý thuyết và thực hành', 'MUL1399', 2, 2),
(438, 'Diễn thuyết trước công chúng', 'MUL13100', 2, 2),
(439, 'Báo chí điều tra', 'MUL13101', 2, 2),
(440, 'Rủi ro và xử lý khủng hoảng truyền thông', 'MUL13102', 2, 2),
(441, 'Kịch bản đa phương tiện', 'MUL1423', 2, 2),
(442, 'Thiết kế ấn phẩm báo chí', 'MUL1463', 2, 2),
(443, 'Đồ án thiết kế sản phẩm đa phương', 'tiện MUL14141', 2, 2),
(444, 'Thiết kế tương tác đa phương tiện', 'MUL1425', 2, 2),
(445, 'Ngôn ngữ truyền thông', 'MUL13105', 2, 2),
(446, 'Truyền thông quốc tế', 'MUL13103', 2, 2),
(447, 'Kinh tế truyền thông', 'MUL13104', 2, 2),
(448, 'Báo chí đa phương tiện', 'MUL13106', 3, 2),
(449, 'Báo chí dữ liệu', 'MUL13107', 2, 2),
(450, 'Lý thuyết PR', 'MUL13108', 2, 2),
(451, 'PR: Chiến lược và thực hành', 'MUL13109', 3, 2),
(452, 'Quảng cáo đa phương tiện', 'MUL13110', 2, 2),
(453, 'Quảng cáo: Chiến lược và thực hành', 'MUL13111', 3, 2),
(454, 'Quản lý dự án truyền thông', 'MUL13112', 2, 2),
(455, 'Ứng dụng đồ họa đa phương tiện', 'MUL13113', 3, 2),
(456, 'Ứng dụng thiết kế web', 'MUL13114', 3, 2),
(457, 'Ứng dụng sản xuất audio và video', 'MUL13115', 3, 2),
(458, 'Tư tưởng Hồ Chí Minh', 'BAS1122', 2, 9),
(459, 'Đường lối cách mạng Đảng cộng sản Việt Nam', 'BAS1102', 3, 9),
(460, 'Tiếng Anh B11', 'BAS1145', 3, 9),
(461, 'Tiếng Anh A11', 'BAS1141', 3, 9),
(462, 'Tiếng Anh A12', 'BAS1142', 4, 9),
(463, 'Tiếng Anh B12', 'BAS1146', 4, 9),
(464, 'Tiếng Anh A21', 'BAS1143', 3, 9),
(465, 'Tiếng Anh A21', 'BAS1143', 3, 9),
(466, 'Tiếng Anh A22', 'BAS1144', 4, 9),
(467, 'Tiếng Anh A22', 'BAS1144', 4, 9),
(468, 'Tin học cơ sở 1', 'INT1154', 2, 9),
(469, 'Tin học cơ sở 2', 'INT1155', 2, 9),
(470, 'Phương pháp luận nghiên cứu khoa học', 'SKD1108', 2, 9),
(471, 'Giáo dục thể chất 1', 'BAS1106', 2, 9),
(472, 'Giáo dục thể chất 2', 'BAS1107', 2, 9),
(473, 'Kỹ năng thuyết trình', 'SKD1101', 1, 9),
(474, 'Kỹ năng làm việc nhóm', 'SKD1102', 1, 9),
(475, 'Kỹ năng tạo lập Văn bản', 'SKD1103', 1, 9),
(476, 'Kỹ năng lập kế hoạch và tổ chức công việc', 'SKD1104', 1, 9),
(477, 'Kỹ năng giao tiếp và ứng xử', 'SKD1105', 1, 9),
(478, 'Kỹ năng giải quyết vấn đề', 'SKD1106', 1, 9),
(479, 'Kỹ năng tư duy sáng tạo và mạo hiểm', 'SKD1107', 1, 9),
(480, 'Giải tích 1', 'BAS1203', 3, 9),
(481, 'Giải tích 2', 'BAS1204', 3, 9),
(482, 'Đại số', 'BAS1201', 3, 9),
(483, 'Vật lý 1 và thí nghiệm', 'BAS1224', 4, 9),
(484, 'Vật lý 2 và thí nghiệm', 'BAS1225', 4, 9),
(485, 'Xác suất thống kê', 'BAS1226', 2, 9),
(486, 'Toán Kỹ thuật', 'BAS1221', 3, 9),
(487, 'Hóa học', 'BAS1208', 2, 9),
(488, 'Điện tử số', 'ELE1309', 3, 9),
(489, 'Cơ sở đo lường điện tử', 'ELE1305', 2, 9),
(490, 'Điện tử tương tự', 'ELE1310', 3, 9),
(491, 'Lý thuyết mạch', 'ELE1318', 3, 9),
(492, 'Cấu trúc dữ liệu và giải thuật', 'INT1306', 3, 9),
(493, 'Kiến trúc máy tính', 'INT1323', 2, 9),
(494, 'Xử lý tín hiệu số', 'ELE1330', 2, 9),
(495, 'Lý thuyết thông tin', 'ELE1319', 3, 9),
(496, 'Lý thuyết trường điện từ và siêu cao tần', 'ELE1320', 3, 9),
(497, 'Mạng máy tính', 'INT1336', 3, 9),
(498, 'Thực hành cơ sở', 'OTC1301', 3, 9),
(499, 'Điện tử công suất', 'ELE1308', 3, 9),
(500, 'Cơ sở điều khiển tự động', 'ELE1304', 3, 9),
(501, 'Tổng quan về viễn thông', 'TEL1419', 2, 9),
(502, 'Đồ án thiết kế mạch điện tử', 'ELE1412', 2, 9),
(503, 'Truyền thông số', 'ELE1428', 2, 9),
(504, 'Hệ thống nhúng', 'ELE1415', 3, 9),
(505, 'Đồ án thiết kế hệ thống nhúng', 'ELE1413', 2, 9),
(506, 'Công nghệ phát thanh truyền hình số', 'ELE1407', 2, 9),
(507, 'Cơ sở mật mã học', 'ELE1406', 2, 9),
(508, 'Xử lý ảnh', 'INT1362', 2, 9),
(509, 'Xử lý tiếng nói', 'ELE1432', 3, 9),
(510, 'Đồ án thiết kế hệ thống số', 'ELE1411', 2, 9),
(511, 'Thiết kế hệ thống VLSI', 'ELE1423', 2, 9),
(512, 'Mạng cảm biến', 'ELE1421', 2, 9),
(513, 'CAD/CAM', 'ELE1401', 2, 9),
(514, 'Thiết bị ngoại vi và kỹ thuật ghép nối', 'ELE1427', 2, 9),
(515, 'Kỹ thuật logic khả trình PLC', 'ELE1416', 2, 9),
(516, 'Thiết kế IC số', 'ELE1424', 2, 9),
(517, 'Thị giác máy tính', 'ELE1422', 2, 9),
(518, 'Xử lý tín hiệu số thời gian thực', 'ELE1431', 2, 9),
(519, 'Đồ án xử lý tín hiệu số', 'ELE1414', 2, 9),
(520, 'Truyền thông đa phương tiện', 'ELE1434', 2, 9),
(521, 'Chuyên đề xử lý tín hiệu và truyền thông', 'ELE1403', 2, 9),
(522, 'CAD/CAM', 'ELE1401', 2, 9),
(523, 'Mạng cảm biến', 'ELE1421', 2, 9),
(524, 'Xử lý ảnh y sinh', 'ELE1429', 2, 9),
(525, 'Thị giác máy tính', 'ELE1422', 2, 9),
(526, 'Tư tưởng Hồ Chí Minh', 'BAS1122', 2, 10),
(527, 'Đường lối cách mạng Đảng cộng sản VN', 'BAS1102', 3, 10),
(528, 'Tiếng Anh B11', 'BAS1145', 3, 10),
(529, 'Tiếng Anh A11', 'BAS1141', 3, 10),
(530, 'Tiếng Anh A12', 'BAS1142', 4, 10),
(531, 'Tiếng Anh B12', 'BAS1146', 4, 10),
(532, 'Tiếng Anh A21', 'BAS1143', 3, 10),
(533, 'Tiếng Anh A21', 'BAS1143', 3, 10),
(534, 'Tiếng Anh A22', 'BAS1144', 4, 10),
(535, 'Tiếng Anh A22', 'BAS1144', 4, 10),
(536, 'Tin học cơ sở 1', 'INT1154', 2, 10),
(537, 'Phương pháp luận nghiên cứu khoa học', 'SKD1108', 2, 10),
(538, 'Giáo dục thể chất 1', 'BAS1106', 2, 10),
(539, 'Giáo dục thể chất 2', 'BAS1107', 2, 10),
(540, 'Kỹ năng thuyết trình', 'SKD1101', 1, 10),
(541, 'Kỹ năng làm việc nhóm', 'SKD1102', 1, 10),
(542, 'Kỹ năng tạo lập văn bản', 'SKD1103', 1, 10),
(543, 'Kỹ năng lập kế hoạch và tổ chức công việc', 'SKD1104', 1, 10),
(544, 'Kỹ năng giao tiếp và ứng xử', 'SKD1105', 1, 10),
(545, 'Kỹ năng giải quyết vấn đề', 'SKD1106', 1, 10),
(546, 'Kỹ năng tư duy sáng tạo và mạo hiểm', 'SKD1107', 1, 10),
(547, 'Toán cao cấp 1', 'BAS1219', 2, 10),
(548, 'Toán cao cấp 2', 'BAS1220', 2, 10),
(549, 'Lý thuyết xác suất và thống kê', 'BAS1210', 3, 10),
(550, 'Toán kinh tế', 'BSA1241', 3, 10),
(551, 'Pháp luật đại cương', 'BSA1221', 2, 10),
(552, 'Kinh tế vi mô 1', 'BSA1310', 3, 10),
(553, 'Kinh tế vĩ mô 1', 'BSA1311', 3, 10),
(554, 'Marketing căn bản', 'MAR1322', 3, 10),
(555, 'Thống kê doanh nghiệp', 'BSA1338', 3, 10),
(556, 'Quản trị học', 'BSA1328', 3, 10),
(557, 'Quản trị nhân lực', 'BSA1331', 3, 10),
(558, 'Quản trị sản xuất', 'BSA1333', 3, 10),
(559, 'Thương mại điện tử căn bản', 'BSA1365', 3, 10),
(560, 'Logistics căn bản', 'BSA1351', 2, 10),
(561, 'Quản trị doanh nghiệp thương mại', 'BSA1352', 2, 10),
(562, 'Nguyên lý lập trình', 'INT13112', 3, 10),
(563, 'Nhập môn cơ sở dữ liệu', 'INT13113', 3, 10),
(564, 'Mạng máy tính và truyền thông', 'INT13114', 3, 10),
(565, 'Thiết kế web cơ bản', 'MUL1429', 2, 10),
(566, 'An toàn dữ liệu và bảo mật trong thương mại điện tử', 'INT13116', 2, 10),
(567, 'Giao tiếp trong kinh doanh', 'BSA1448', 2, 10),
(568, 'Quản trị công nghệ', 'BSA1326', 2, 10),
(569, 'Quản trị chất lượng', 'BSA1324', 2, 10),
(570, 'Phân tích hoạt động kinh doanh', 'BSA1320', 2, 10),
(571, 'Luật kinh doanh', 'BSA1314', 2, 10),
(572, 'Quản trị cơ sở dữ liệu kinh doanh', 'MAR1312', 2, 10),
(573, 'Kế toán căn bản', 'FIA1342', 2, 10),
(574, 'Hệ thống thông tin quản lý', 'BSA1307', 2, 10),
(575, 'Tài chính doanh nghiệp', 'FIA1325', 3, 10),
(576, 'Kinh doanh quốc tế', 'BSA1353', 2, 10),
(577, 'Quản trị dự án', 'BSA1364', 2, 10),
(578, 'Quản trị bán hàng và phân phối sản', 'BSA1354', 2, 10),
(579, 'Pháp luật về thương mại điện tử và an toàn thông tin', 'BSA1355', 2, 10),
(580, 'Phân tích thiết kế hệ thống thương mại điện tử', 'BSA1456', 2, 10),
(581, 'Phân tích dữ liệu phục vụ cho quyết định kinh doanh', 'MAR1441', 2, 10),
(582, 'Thanh toán điện tử', 'BSA1437', 2, 10),
(583, 'Bán lẻ trực tuyến', 'BSA1457', 2, 10),
(584, 'Khởi sự kinh doanh thương mại điện tử', 'BSA1458', 2, 10),
(585, 'Chuyên đề Quản trị thương mại điện tử', 'BSA1459', 2, 10),
(586, 'Chuyên đề Tác nghiệp thương mại điện tử', 'BSA1460', 2, 10),
(587, 'Thương mại di động', 'BSA1461', 2, 10),
(588, 'Truyền thông thương hiệu trong môi trường trực tuyến', 'BSA1462', 2, 10),
(589, 'Giao tiếp chuyên nghiệp trong truyền thông', 'MUL1469', 2, 10),
(590, 'Chính phủ điện tử', 'BSA1463', 2, 10),
(591, 'Quản trị quan hệ khách hàng trong thương mại điện tử', 'BSA1466', 2, 10),
(592, 'Quản trị rủi ro trong thương mại điện tử', 'BSA1467', 2, 10),
(593, 'Những nguyên lý cơ bản của chủ nghĩa Mác-Lênin-1', 'BAS1111', 2, 11),
(594, 'Những nguyên lý cơ bản của chủ nghĩa Mác-Lênin-2', 'BAS1112', 3, 11),
(595, 'Tư tưởng Hồ Chí Minh', 'BAS1122', 2, 11),
(596, 'Đường lối cách mạng Đảng cộng sản VN', 'BAS1102', 3, 11),
(597, 'Tiếng Anh B11', 'BAS1145', 3, 11),
(598, 'Tiếng Anh A11', 'BAS1141', 3, 11),
(599, 'Tiếng Anh A12', 'BAS1142', 4, 11),
(600, 'Tiếng Anh B12', 'BAS1146', 4, 11),
(601, 'Tiếng Anh A21', 'BAS1143', 3, 11),
(602, 'Tiếng Anh A21', 'BAS1143', 3, 11),
(603, 'Tiếng Anh A22', 'BAS1144', 4, 11),
(604, 'Tiếng Anh A22', 'BAS1144', 4, 11),
(605, 'Tin học cơ sở 1', 'INT1154', 2, 11),
(606, 'Phương pháp luận nghiên cứu khoa học', 'SKD1108', 2, 11),
(607, 'Giáo dục thể chất 1', 'BAS1106', 2, 11),
(608, 'Giáo dục thể chất 2', 'BAS1107', 2, 11),
(609, 'Kỹ năng thuyết trình', 'SKD1101', 1, 11),
(610, 'Kỹ năng làm việc nhóm', 'SKD1102', 1, 11),
(611, 'Kỹ năng tạo lập văn bản', 'SKD1103', 1, 11),
(612, 'Kỹ năng lập kế hoạch và tổ chức công việc', 'SKD1104', 1, 11),
(613, 'Kỹ năng giao tiếp và ứng xử', 'SKD1105', 1, 11),
(614, 'Kỹ năng giải quyết vấn đề', 'SKD1106', 1, 11),
(615, 'Kỹ năng tư duy sáng tạo và mạo hiểm', 'SKD1107', 1, 11),
(616, 'Toán cao cấp 1', 'BAS1219', 2, 11),
(617, 'Toán cao cấp 2', 'BAS1220', 2, 11),
(618, 'Toán kinh tế', 'BSA1241', 3, 11),
(619, 'Lý thuyết xác xuất và thống kê', 'BAS1210', 3, 11),
(620, 'Pháp luật đại cương', 'BSA1221', 2, 11),
(621, 'Kinh tế vi mô 1', 'BSA1310', 3, 11),
(622, 'Kinh tế vĩ mô 1', 'BSA1311', 3, 11),
(623, 'Luật kinh doanh', 'BSA1314', 2, 11),
(624, 'Tài chính tiền tệ', 'FIA1326', 3, 11),
(625, 'Nguyên lý kế toán', 'FIA1321', 3, 11),
(626, 'Kế toán quản trị', 'FIA1332', 3, 11),
(627, 'Marketing căn bản', 'MAR1322', 3, 11),
(628, 'Quản trị tài chính doanh nghiệp', 'FIA1324', 3, 11),
(629, 'Cơ sở dữ liệu (Fintech)', 'INT13128', 3, 11),
(630, 'Lập trình Python (Fintech)', 'INT13129', 3, 11),
(631, 'Phân tích và thiết kế hệ thống thông tin quản lý (Fintech)', 'INT13132', 3, 11),
(632, 'Lập trình web (Fintech)', 'INT13130', 3, 11),
(633, 'Phát triển các hệ thống thương mại điện tử (Fintech)', 'INT13134', 3, 11),
(634, 'Phân tích hoạt động kinh doanh', 'BSA1320', 2, 11),
(635, 'Thương mại điện tử', 'MAR1323', 2, 11),
(636, 'Quản trị bán hàng', 'MAR1329', 2, 11),
(637, 'E-marketing', 'MAR1427', 2, 11),
(638, 'Thanh toán quốc tế', 'FIA1327', 2, 11),
(639, 'Kế toán tài chính doanh nghiệp', 'FIA1444', 2, 11),
(640, 'Kiểm toán căn bản (Fintech)', 'FIA1363', 2, 11),
(641, 'Quản trị công nghệ', 'BSA1326', 2, 11),
(642, 'Tiền số và công nghệ Blockchain', 'INT14135', 3, 11),
(643, 'Trí tuệ nhân tạo (Fintech)', 'INT14136', 3, 11),
(644, 'Nghiệp vụ ngân hàng thương mại', 'FIA1464', 3, 11),
(645, 'Đầu tư tài chính', 'FIA1465', 3, 11),
(646, 'Quản trị rủi ro tài chính', 'FIA1466', 3, 11),
(647, 'Kinh tế lượng tài chính', 'FIA1467', 3, 11),
(648, 'Phân tích tài chính doanh nghiệp', 'FIA1468', 3, 11),
(649, 'Công nghệ tài chính căn bản', 'FIA1469', 3, 11),
(650, 'Quản lý và ứng dụng cơ sở dữ liệu trong tài chính', 'FIA1470', 3, 11),
(651, 'Phân tích dữ liệu tài chính quy mô lớn', 'FIA1471', 3, 11),
(652, 'Phát triển ứng dụng trên di động', 'INT14137', 3, 11),
(653, 'Phát triển ứng dụng tài chính trên Python', 'INT13133', 3, 11),
(654, 'Hệ quản trị cơ sở dữ liệu (Fintech)', 'INT13131', 3, 11),
(655, 'An toàn bảo mật thông tin (Fintech)', 'INT14138', 3, 11),
(656, 'Đổi mới sáng tạo tài chính', 'FIA1472', 3, 11),
(657, 'Tài chính quốc tế', 'FIA1473', 3, 11),
(658, 'Triết học Mác-Lênin', 'BAS1150', 3, 12),
(659, 'Kinh tế chính trị Mác-Lênin', 'BAS1151', 2, 12),
(660, 'Tư tưởng Hồ Chí Minh', 'BAS1122', 2, 12),
(661, 'Lịch sử Đảng cộng sản Việt Nam', 'BAS1153', 2, 12),
(662, 'Chủ nghĩa xã hội khoa học', 'BAS1152', 2, 12),
(663, 'Introduction to Computing and Programming (Nhập môn tin học và lập trình)', 'INT11117_CLC', 3, 12),
(664, 'Tiếng Anh (Course 1)_CLC', 'BAS1162_CLC', 8, 12),
(665, 'Tiếng Anh (Course 2)_CLC', 'BAS1163_CLC', 8, 12),
(666, 'Tiếng Anh (Course 3)_CLC', 'BAS1164_CLC', 8, 12),
(667, 'Physical Education 1', 'BAS1106', 2, 12),
(668, 'Physical Education 2', 'BAS1107', 2, 12),
(669, 'Calculus 1 (Giải tích 1)', 'BAS1203_CLC', 3, 12),
(670, 'Calculus 2 (Giải tích 2)', 'BAS1204_CLC', 3, 12),
(671, 'Algebra (Đại số)', 'BAS1201_CLC', 3, 12),
(672, 'Physics 1 (Vật lý 1 và thí nghiệm)', 'BAS1224_CLC', 4, 12),
(673, 'Physics 3 (Vật lý 3 và thí nghiệm)', 'BAS1227_CLC', 4, 12),
(674, 'Probability and Statistics  (Xác suất thống kê)', 'BAS1226_CLC', 2, 12),
(675, 'Digital Electronics (Điện tử số)', 'ELE1309_CLC', 3, 12),
(676, 'Microprocessors (Kỹ thuật Vi xử lí)', 'INT1330_CLC', 3, 12),
(677, 'Discrete Mathematics 1 (Toán rời rạc 1)', 'INT1358_CLC', 3, 12),
(678, 'Discrete Mathematics 2 (Toán rời rạc 2)', 'INT1359_CLC', 3, 12),
(679, 'Programming with C++ (Ngôn ngữ lập trình C++)', 'INT1339_CLC', 3, 12),
(680, 'Data Structures and Algorithms (Cấu trúc dữ liệu và giải thuật)', 'INT1306_CLC', 3, 12),
(681, 'Databases (Cơ sở dữ liệu)', 'INT1313_CLC', 3, 12),
(682, 'Distributed Databases (Cơ sở dữ liệu phân tán)', 'INT1414_CLC', 2, 12),
(683, 'Computer Architecture (Kiến trúc máy tính)', 'INT13145_CLC', 3, 12),
(684, 'Operating Systems (Hệ điều hành)', 'INT1319_CLC', 3, 12),
(685, 'Object-Oriented Programming (Lập trình hướng đối tượng)', 'INT1332_CLC', 3, 12),
(686, 'Computer Networks (Mạng máy tính)', 'INT1336_CLC', 3, 12),
(687, 'Introduction to Software Engineering (Nhập môn công nghệ phần mềm)', 'INT1340_CLC', 3, 12),
(688, 'Introduction to Artificial Intelligence (Nhập môn trí tuệ nhân tạo)', 'INT1341_CLC', 3, 12),
(689, 'Analysis and Design of Information Systems (Phân tích và thiết kế hệ thống thông tin)', 'INT1342_CLC', 3, 12),
(690, 'Web Programming (Lập trình Web)', 'INT1434_CLC', 3, 12),
(691, 'Fundamentals of Information Security  (Cơ sở an toàn thông tin)', 'INT1472_CLC', 3, 12),
(692, 'Mobile Application Development  (Phát triển ứng dụng cho các thiết bị di động)', 'INT1449_CLC', 3, 12),
(693, 'Software Project Management (Quản lý dự án phần mềm)', 'INT1450_CLC', 3, 12),
(694, 'Network Programming (Lập trình mạng)', 'INT1433_CLC', 3, 12),
(695, 'Software Architecture and Design (Kiến trúc và thiết kế phần mềm)', 'INT1427_CLC', 3, 12),
(696, 'Software Quality Assurance (Đảm bảo chất lượng phần mềm)', 'INT1416_CLC', 3, 12),
(697, 'Service-Oriented Software Development  (Phát triển phần mềm hướng dịch vụ)', 'INT1448_CLC', 3, 12),
(698, 'Distributed Systems (Các hệ thống phân tán)', 'INT1405_CLC', 3, 12),
(699, 'Human Computer Interaction (Tương tác người máy)', 'INT1460_CLC', 3, 12),
(700, 'Embedded System Development  (Xây dựng các hệ thống nhúng)', 'INT1461_CLC', 3, 12),
(701, 'Secure Software Development (Phát triển phần mềm an toàn)', 'INT1463_CLC', 3, 12),
(702, 'Software Engineering Graduation Module 1 (Học phần thay thế tốt nghiệp 1 ngành CNPM)', 'INT14139_CLC', 4, 12),
(703, 'Software Engineering Graduation Module 2 (Học phần thay thế tốt nghiệp 2 ngành CNPM)', 'INT14140_CLC', 4, 12),
(704, 'Python Programming (Lập trình Python)', 'INT14119_CLC', 3, 12),
(705, 'Introduction to Data Science (Nhập môn Khoa học dữ liệu)', 'INT14120_CLC', 3, 12),
(706, 'Machine Learning (Học máy)', 'INT14121_CLC', 3, 12),
(707, 'Introduction to Deep Learning (Nhập môn học sâu)', 'INT14122_CLC', 3, 12),
(708, 'Image Processing (Xử lý ảnh)', 'INT14123_CLC', 3, 12),
(709, 'Natural Language Processing (Xử lý ngôn ngữ tự nhiên)', 'INT14124_CLC', 3, 12),
(710, 'Information Retrieval (Truy xuất thông tin)', 'INT14125_CLC', 3, 12),
(711, 'Mining Massive Data Sets (Khai phá dữ liệu lớn)', 'INT14126_CLC', 3, 12),
(712, 'Text Mining and Analytics (Phân tích và khai phá dữ liệu văn bản)', 'INT14127_CLC', 3, 12),
(713, 'Artificial Intelligence Graduation Module 1 (Học phần thay thế tốt nghiệp 1 ngành TTNT)', 'INT14141_CLC', 4, 12),
(714, 'Artificial Intelligence Graduation Module 2 (Học phần thay thế tốt nghiệp 2 ngành TTNT)', 'INT14142_CLC', 4, 12),
(715, 'Introduction to Cryptography (Mật mã học cơ sở)', 'INT1344_CLC', 3, 12),
(716, 'Network Security (An toàn mạng)', 'INT1482_CLC', 3, 12),
(717, 'Web and Database & Security (An toàn ứng dụng web và cơ sở dữ liệu)', 'INT14105_CLC', 3, 12),
(718, 'Windows and  Linux/Unix Administration (Hệ điều hành Windows và Linux/Unix)', 'INT1487_CLC', 3, 12),
(719, 'Penetration Testing (Kiểm thử xâm nhập)', 'INT14107_CLC', 3, 12),
(720, 'Management of Information Security (Quản lý an toàn thông tin)', 'INT14106_CLC', 3, 12),
(721, 'Python Programming (Lập trình Python)', 'INT14119_CLC', 3, 12),
(722, 'Machine Learning (Học máy)', 'INT14121_CLC', 3, 12),
(723, 'Advanced Network Security (An toàn mạng nâng cao)', 'INT1483_CLC', 3, 12),
(724, 'Information security Graduation Module 1 (Học phần thay thế tốt nghiệp 1 ngành ATTT)', 'INT14143_CLC', 4, 12),
(725, 'Information security Graduation Module 2 (Học phần thay thế tốt nghiệp 2 ngành ATTT)', 'INT14144_CLC', 4, 12);

-- --------------------------------------------------------

--
-- Cấu trúc bảng cho bảng `users`
--

CREATE TABLE `users` (
  `id` int(11) NOT NULL,
  `username` varchar(30) NOT NULL,
  `password` varchar(200) NOT NULL,
  `username_qldt` varchar(30) DEFAULT NULL,
  `password_qldt` varchar(50) DEFAULT NULL,
  `role_id` int(11) DEFAULT NULL,
  `status_access_qldt` int(11) DEFAULT 0,
  `isOnline` int(11) NOT NULL DEFAULT 0
) ENGINE=InnoDB DEFAULT CHARSET=utf8mb4 COLLATE=utf8mb4_general_ci;

--
-- Đang đổ dữ liệu cho bảng `users`
--

INSERT INTO `users` (`id`, `username`, `password`, `username_qldt`, `password_qldt`, `role_id`, `status_access_qldt`, `isOnline`) VALUES
(1, 'ngn', 'bmduQG5nbg==', 'b20dcat171', '123456789', 1, 0, 1),
(2, 'b21dcat014', 'bmduQG5nbg==', '', '', 1, 0, 0),
(9, 'b20dcat171', 'MTIzNDU2Nzg5', NULL, NULL, 2, 0, 0);

--
-- Chỉ mục cho các bảng đã đổ
--

--
-- Chỉ mục cho bảng `ds_nhom_to`
--
ALTER TABLE `ds_nhom_to`
  ADD PRIMARY KEY (`id`);

--
-- Chỉ mục cho bảng `majors`
--
ALTER TABLE `majors`
  ADD PRIMARY KEY (`id`);

--
-- Chỉ mục cho bảng `record_subject_to_regis`
--
ALTER TABLE `record_subject_to_regis`
  ADD PRIMARY KEY (`id`);

--
-- Chỉ mục cho bảng `regis_subjects`
--
ALTER TABLE `regis_subjects`
  ADD PRIMARY KEY (`id`);

--
-- Chỉ mục cho bảng `roles`
--
ALTER TABLE `roles`
  ADD PRIMARY KEY (`id`);

--
-- Chỉ mục cho bảng `subjects`
--
ALTER TABLE `subjects`
  ADD PRIMARY KEY (`id`);

--
-- Chỉ mục cho bảng `users`
--
ALTER TABLE `users`
  ADD PRIMARY KEY (`id`),
  ADD UNIQUE KEY `username` (`username`);

--
-- AUTO_INCREMENT cho các bảng đã đổ
--

--
-- AUTO_INCREMENT cho bảng `ds_nhom_to`
--
ALTER TABLE `ds_nhom_to`
  MODIFY `id` int(11) NOT NULL AUTO_INCREMENT, AUTO_INCREMENT=1222;

--
-- AUTO_INCREMENT cho bảng `majors`
--
ALTER TABLE `majors`
  MODIFY `id` int(11) NOT NULL AUTO_INCREMENT, AUTO_INCREMENT=16;

--
-- AUTO_INCREMENT cho bảng `record_subject_to_regis`
--
ALTER TABLE `record_subject_to_regis`
  MODIFY `id` int(11) NOT NULL AUTO_INCREMENT, AUTO_INCREMENT=46;

--
-- AUTO_INCREMENT cho bảng `regis_subjects`
--
ALTER TABLE `regis_subjects`
  MODIFY `id` int(11) NOT NULL AUTO_INCREMENT;

--
-- AUTO_INCREMENT cho bảng `roles`
--
ALTER TABLE `roles`
  MODIFY `id` int(11) NOT NULL AUTO_INCREMENT, AUTO_INCREMENT=3;

--
-- AUTO_INCREMENT cho bảng `subjects`
--
ALTER TABLE `subjects`
  MODIFY `id` int(11) NOT NULL AUTO_INCREMENT, AUTO_INCREMENT=726;

--
-- AUTO_INCREMENT cho bảng `users`
--
ALTER TABLE `users`
  MODIFY `id` int(11) NOT NULL AUTO_INCREMENT, AUTO_INCREMENT=10;
COMMIT;

/*!40101 SET CHARACTER_SET_CLIENT=@OLD_CHARACTER_SET_CLIENT */;
/*!40101 SET CHARACTER_SET_RESULTS=@OLD_CHARACTER_SET_RESULTS */;
/*!40101 SET COLLATION_CONNECTION=@OLD_COLLATION_CONNECTION */;
